report_date,statement,code,sector,level,is_priority_sector_memo,parent_code,parent_statement,date,outstanding_cr,source_date
2026-01-30,Statement 1,1,Agriculture and Allied Activities,1,False,III,Statement 1,2023-12-29,1991030.054014,
2026-02-27,Statement 1,1,Agriculture and Allied Activities,1,False,III,Statement 1,2024-01-26,2009098.33619,
2026-03-30,Statement 1,1,Agriculture and Allied Activities,1,False,III,Statement 1,2024-02-29,2032170.572975,2024-03-08
2026-03-30,Statement 1,1,Agriculture and Allied Activities,1,False,III,Statement 1,2024-03-22,2071250.995736,
2026-01-30,Statement 1,1,Agriculture and Allied Activities,1,False,III,Statement 1,2024-12-27,2239028.099859,
2026-02-27,Statement 1,1,Agriculture and Allied Activities,1,False,III,Statement 1,2025-01-24,2253510.284899,
2026-03-30,Statement 1,1,Agriculture and Allied Activities,1,False,III,Statement 1,2025-02-28,2264305.11996,2025-03-07
2026-03-30,Statement 1,1,Agriculture and Allied Activities,1,False,III,Statement 1,2025-03-21,2287060.099496,
2026-01-30,Statement 1,1,Agriculture and Allied Activities,1,False,III,Statement 1,2025-12-31,2509223.947623,
2026-02-27,Statement 1,1,Agriculture and Allied Activities,1,False,III,Statement 1,2026-01-31,2509788.529016,
2026-03-30,Statement 1,1,Agriculture and Allied Activities,1,False,III,Statement 1,2026-02-28,2543476.7557,
2026-01-30,Statement 1,2,"Industry (Micro and Small, Medium and Large)",1,False,III,Statement 1,2023-12-29,3622549.688427,
2026-02-27,Statement 1,2,"Industry (Micro and Small, Medium and Large)",1,False,III,Statement 1,2024-01-26,3614409.354535,
2026-03-30,Statement 1,2,"Industry (Micro and Small, Medium and Large)",1,False,III,Statement 1,2024-02-29,3645197.229191,2024-03-08
2026-03-30,Statement 1,2,"Industry (Micro and Small, Medium and Large)",1,False,III,Statement 1,2024-03-22,3682392.531552,
2026-01-30,Statement 1,2,"Industry (Micro and Small, Medium and Large)",1,False,III,Statement 1,2024-12-27,3893504.019162,
2026-02-27,Statement 1,2,"Industry (Micro and Small, Medium and Large)",1,False,III,Statement 1,2025-01-24,3913968.873477,
2026-03-30,Statement 1,2,"Industry (Micro and Small, Medium and Large)",1,False,III,Statement 1,2025-02-28,3916782.663051,2025-03-07
2026-03-30,Statement 1,2,"Industry (Micro and Small, Medium and Large)",1,False,III,Statement 1,2025-03-21,3985659.551324,
2026-01-30,Statement 1,2,"Industry (Micro and Small, Medium and Large)",1,False,III,Statement 1,2025-12-31,4413256.957607,
2026-02-27,Statement 1,2,"Industry (Micro and Small, Medium and Large)",1,False,III,Statement 1,2026-01-31,4388307.777559,
2026-03-30,Statement 1,2,"Industry (Micro and Small, Medium and Large)",1,False,III,Statement 1,2026-02-28,4447191.99846,
2026-01-30,Statement 1,2.1,Micro and Small,2,False,2,Statement 1,2023-12-29,708809.1372,
2026-02-27,Statement 1,2.1,Micro and Small,2,False,2,Statement 1,2024-01-26,717262.458437,
2026-03-30,Statement 1,2.1,Micro and Small,2,False,2,Statement 1,2024-02-29,721754.084922,2024-03-08
2026-03-30,Statement 1,2.1,Micro and Small,2,False,2,Statement 1,2024-03-22,733123.356073,
2026-01-30,Statement 1,2.1,Micro and Small,2,False,2,Statement 1,2024-12-27,778528.551024,
2026-02-27,Statement 1,2.1,Micro and Small,2,False,2,Statement 1,2025-01-24,786045.977257,
2026-03-30,Statement 1,2.1,Micro and Small,2,False,2,Statement 1,2025-02-28,791321.246926,2025-03-07
2026-03-30,Statement 1,2.1,Micro and Small,2,False,2,Statement 1,2025-03-21,798472.66076,
2026-01-30,Statement 1,2.1,Micro and Small,2,False,2,Statement 1,2025-12-31,1020006.955188,
2026-02-27,Statement 1,2.1,Micro and Small,2,False,2,Statement 1,2026-01-31,1031291.398699,
2026-03-30,Statement 1,2.1,Micro and Small,2,False,2,Statement 1,2026-02-28,1031798.696316,
2026-01-30,Statement 1,2.2,Medium,2,False,2,Statement 1,2023-12-29,292703.099367,
2026-02-27,Statement 1,2.2,Medium,2,False,2,Statement 1,2024-01-26,294398.357935,
2026-03-30,Statement 1,2.2,Medium,2,False,2,Statement 1,2024-02-29,301314.853243,2024-03-08
2026-03-30,Statement 1,2.2,Medium,2,False,2,Statement 1,2024-03-22,306424.853962,
2026-01-30,Statement 1,2.2,Medium,2,False,2,Statement 1,2024-12-27,350738.938445,
2026-02-27,Statement 1,2.2,Medium,2,False,2,Statement 1,2025-01-24,348614.49414,
2026-03-30,Statement 1,2.2,Medium,2,False,2,Statement 1,2025-02-28,355603.487357,2025-03-07
2026-03-30,Statement 1,2.2,Medium,2,False,2,Statement 1,2025-03-21,363245.019249,
2026-01-30,Statement 1,2.2,Medium,2,False,2,Statement 1,2025-12-31,422440.874062,
2026-02-27,Statement 1,2.2,Medium,2,False,2,Statement 1,2026-01-31,426210.574042,
2026-03-30,Statement 1,2.2,Medium,2,False,2,Statement 1,2026-02-28,430262.874014,
2026-01-30,Statement 1,2.3,Large,2,False,2,Statement 1,2023-12-29,2621037.45186,
2026-02-27,Statement 1,2.3,Large,2,False,2,Statement 1,2024-01-26,2602748.538163,
2026-03-30,Statement 1,2.3,Large,2,False,2,Statement 1,2024-02-29,2622128.291026,2024-03-08
2026-03-30,Statement 1,2.3,Large,2,False,2,Statement 1,2024-03-22,2642844.321517,
2026-01-30,Statement 1,2.3,Large,2,False,2,Statement 1,2024-12-27,2764236.529692,
2026-02-27,Statement 1,2.3,Large,2,False,2,Statement 1,2025-01-24,2779308.40208,
2026-03-30,Statement 1,2.3,Large,2,False,2,Statement 1,2025-02-28,2769857.928767,2025-03-07
2026-03-30,Statement 1,2.3,Large,2,False,2,Statement 1,2025-03-21,2823941.871316,
2026-01-30,Statement 1,2.3,Large,2,False,2,Statement 1,2025-12-31,2970809.128357,
2026-02-27,Statement 1,2.3,Large,2,False,2,Statement 1,2026-01-31,2930805.804818,
2026-03-30,Statement 1,2.3,Large,2,False,2,Statement 1,2026-02-28,2985130.428129,
2026-01-30,Statement 1,3,Services,1,False,III,Statement 1,2023-12-29,4400726.057904,
2026-02-27,Statement 1,3,Services,1,False,III,Statement 1,2024-01-26,4413917.309734,
2026-03-30,Statement 1,3,Services,1,False,III,Statement 1,2024-02-29,4471927.64248,2024-03-08
2026-03-30,Statement 1,3,Services,1,False,III,Statement 1,2024-03-22,4547236.765609,
2026-01-30,Statement 1,3,Services,1,False,III,Statement 1,2024-12-27,4905686.40861,
2026-02-27,Statement 1,3,Services,1,False,III,Statement 1,2025-01-24,4956419.412659,
2026-03-30,Statement 1,3,Services,1,False,III,Statement 1,2025-02-28,4995649.455412,2025-03-07
2026-03-30,Statement 1,3,Services,1,False,III,Statement 1,2025-03-21,5093565.107574,
2026-01-30,Statement 1,3,Services,1,False,III,Statement 1,2025-12-31,5654178.588306,
2026-02-27,Statement 1,3,Services,1,False,III,Statement 1,2026-01-31,5722969.386434,
2026-03-30,Statement 1,3,Services,1,False,III,Statement 1,2026-02-28,5807797.546009,
2026-01-30,Statement 1,3.1,Transport Operators,2,False,3,Statement 1,2023-12-29,225207.153295,
2026-02-27,Statement 1,3.1,Transport Operators,2,False,3,Statement 1,2024-01-26,229245.519436,
2026-03-30,Statement 1,3.1,Transport Operators,2,False,3,Statement 1,2024-02-29,229915.397549,2024-03-08
2026-03-30,Statement 1,3.1,Transport Operators,2,False,3,Statement 1,2024-03-22,232379.233542,
2026-01-30,Statement 1,3.1,Transport Operators,2,False,3,Statement 1,2024-12-27,255607.690554,
2026-02-27,Statement 1,3.1,Transport Operators,2,False,3,Statement 1,2025-01-24,256722.100266,
2026-03-30,Statement 1,3.1,Transport Operators,2,False,3,Statement 1,2025-02-28,260650.54601,2025-03-07
2026-03-30,Statement 1,3.1,Transport Operators,2,False,3,Statement 1,2025-03-21,261574.761822,
2026-01-30,Statement 1,3.1,Transport Operators,2,False,3,Statement 1,2025-12-31,253187.45033,
2026-02-27,Statement 1,3.1,Transport Operators,2,False,3,Statement 1,2026-01-31,267665.467105,
2026-03-30,Statement 1,3.1,Transport Operators,2,False,3,Statement 1,2026-02-28,280409.345551,
2026-01-30,Statement 1,3.10,Other Services,2,False,3,Statement 1,2023-12-29,921484.415732,
2026-02-27,Statement 1,3.10,Other Services,2,False,3,Statement 1,2024-01-26,937242.20701,
2026-03-30,Statement 1,3.10,Other Services,2,False,3,Statement 1,2024-02-29,973738.083665,2024-03-08
2026-03-30,Statement 1,3.10,Other Services,2,False,3,Statement 1,2024-03-22,985814.5735490001,
2026-01-30,Statement 1,3.10,Other Services,2,False,3,Statement 1,2024-12-27,1054816.663408,
2026-02-27,Statement 1,3.10,Other Services,2,False,3,Statement 1,2025-01-24,1081788.571738,
2026-03-30,Statement 1,3.10,Other Services,2,False,3,Statement 1,2025-02-28,1091182.620356,2025-03-07
2026-03-30,Statement 1,3.10,Other Services,2,False,3,Statement 1,2025-03-21,1123459.106523,
2026-01-30,Statement 1,3.10,Other Services,2,False,3,Statement 1,2025-12-31,1233266.3166750001,
2026-02-27,Statement 1,3.10,Other Services,2,False,3,Statement 1,2026-01-31,1235949.0857960002,
2026-03-30,Statement 1,3.10,Other Services,2,False,3,Statement 1,2026-02-28,1236569.844637,
2026-01-30,Statement 1,3.2,Computer Software,2,False,3,Statement 1,2023-12-29,26706.238487,
2026-02-27,Statement 1,3.2,Computer Software,2,False,3,Statement 1,2024-01-26,26311.61461,
2026-03-30,Statement 1,3.2,Computer Software,2,False,3,Statement 1,2024-02-29,27023.888272,2024-03-08
2026-03-30,Statement 1,3.2,Computer Software,2,False,3,Statement 1,2024-03-22,25917.345642,
2026-01-30,Statement 1,3.2,Computer Software,2,False,3,Statement 1,2024-12-27,31581.567021,
2026-02-27,Statement 1,3.2,Computer Software,2,False,3,Statement 1,2025-01-24,33728.476663,
2026-03-30,Statement 1,3.2,Computer Software,2,False,3,Statement 1,2025-02-28,33062.57365,2025-03-07
2026-03-30,Statement 1,3.2,Computer Software,2,False,3,Statement 1,2025-03-21,32915.202169,
2026-01-30,Statement 1,3.2,Computer Software,2,False,3,Statement 1,2025-12-31,42275.075545,
2026-02-27,Statement 1,3.2,Computer Software,2,False,3,Statement 1,2026-01-31,40694.804478,
2026-03-30,Statement 1,3.2,Computer Software,2,False,3,Statement 1,2026-02-28,46183.309148,
2026-01-30,Statement 1,3.3,"Tourism, Hotels and Restaurants",2,False,3,Statement 1,2023-12-29,76927.443645,
2026-02-27,Statement 1,3.3,"Tourism, Hotels and Restaurants",2,False,3,Statement 1,2024-01-26,77263.269059,
2026-03-30,Statement 1,3.3,"Tourism, Hotels and Restaurants",2,False,3,Statement 1,2024-02-29,76439.263933,2024-03-08
2026-03-30,Statement 1,3.3,"Tourism, Hotels and Restaurants",2,False,3,Statement 1,2024-03-22,77815.892939,
2026-01-30,Statement 1,3.3,"Tourism, Hotels and Restaurants",2,False,3,Statement 1,2024-12-27,80491.522008,
2026-02-27,Statement 1,3.3,"Tourism, Hotels and Restaurants",2,False,3,Statement 1,2025-01-24,81753.210904,
2026-03-30,Statement 1,3.3,"Tourism, Hotels and Restaurants",2,False,3,Statement 1,2025-02-28,82298.34191,2025-03-07
2026-03-30,Statement 1,3.3,"Tourism, Hotels and Restaurants",2,False,3,Statement 1,2025-03-21,83366.436558,
2026-01-30,Statement 1,3.3,"Tourism, Hotels and Restaurants",2,False,3,Statement 1,2025-12-31,96720.793282,
2026-02-27,Statement 1,3.3,"Tourism, Hotels and Restaurants",2,False,3,Statement 1,2026-01-31,97417.581234,
2026-03-30,Statement 1,3.3,"Tourism, Hotels and Restaurants",2,False,3,Statement 1,2026-02-28,98895.185237,
2026-01-30,Statement 1,3.4,Shipping,2,False,3,Statement 1,2023-12-29,6976.64722,
2026-02-27,Statement 1,3.4,Shipping,2,False,3,Statement 1,2024-01-26,7104.155535,
2026-03-30,Statement 1,3.4,Shipping,2,False,3,Statement 1,2024-02-29,6855.65,2024-03-08
2026-03-30,Statement 1,3.4,Shipping,2,False,3,Statement 1,2024-03-22,7066.78,
2026-01-30,Statement 1,3.4,Shipping,2,False,3,Statement 1,2024-12-27,7101.89,
2026-02-27,Statement 1,3.4,Shipping,2,False,3,Statement 1,2025-01-24,7180.04,
2026-03-30,Statement 1,3.4,Shipping,2,False,3,Statement 1,2025-02-28,7411.31,2025-03-07
2026-03-30,Statement 1,3.4,Shipping,2,False,3,Statement 1,2025-03-21,7304.35,
2026-01-30,Statement 1,3.4,Shipping,2,False,3,Statement 1,2025-12-31,10456.74,
2026-02-27,Statement 1,3.4,Shipping,2,False,3,Statement 1,2026-01-31,10373.17,
2026-03-30,Statement 1,3.4,Shipping,2,False,3,Statement 1,2026-02-28,10501.78811,
2026-01-30,Statement 1,3.5,Aviation,2,False,3,Statement 1,2023-12-29,44370.706705,
2026-02-27,Statement 1,3.5,Aviation,2,False,3,Statement 1,2024-01-26,44404.64971,
2026-03-30,Statement 1,3.5,Aviation,2,False,3,Statement 1,2024-02-29,43746.65,2024-03-08
2026-03-30,Statement 1,3.5,Aviation,2,False,3,Statement 1,2024-03-22,43283.01,
2026-01-30,Statement 1,3.5,Aviation,2,False,3,Statement 1,2024-12-27,45998.48,
2026-02-27,Statement 1,3.5,Aviation,2,False,3,Statement 1,2025-01-24,44823.34,
2026-03-30,Statement 1,3.5,Aviation,2,False,3,Statement 1,2025-02-28,45982.42,2025-03-07
2026-03-30,Statement 1,3.5,Aviation,2,False,3,Statement 1,2025-03-21,46071.8,
2026-01-30,Statement 1,3.5,Aviation,2,False,3,Statement 1,2025-12-31,51011.55,
2026-02-27,Statement 1,3.5,Aviation,2,False,3,Statement 1,2026-01-31,49613.17,
2026-03-30,Statement 1,3.5,Aviation,2,False,3,Statement 1,2026-02-28,49829.613945,
2026-01-30,Statement 1,3.6,Professional Services,2,False,3,Statement 1,2023-12-29,156387.25648,
2026-02-27,Statement 1,3.6,Professional Services,2,False,3,Statement 1,2024-01-26,161391.209466,
2026-03-30,Statement 1,3.6,Professional Services,2,False,3,Statement 1,2024-02-29,161758.087248,2024-03-08
2026-03-30,Statement 1,3.6,Professional Services,2,False,3,Statement 1,2024-03-22,167234.647086,
2026-01-30,Statement 1,3.6,Professional Services,2,False,3,Statement 1,2024-12-27,189578.900128,
2026-02-27,Statement 1,3.6,Professional Services,2,False,3,Statement 1,2025-01-24,190863.111841,
2026-03-30,Statement 1,3.6,Professional Services,2,False,3,Statement 1,2025-02-28,192798.997508,2025-03-07
2026-03-30,Statement 1,3.6,Professional Services,2,False,3,Statement 1,2025-03-21,195956.642789,
2026-01-30,Statement 1,3.6,Professional Services,2,False,3,Statement 1,2025-12-31,210379.057297,
2026-02-27,Statement 1,3.6,Professional Services,2,False,3,Statement 1,2026-01-31,209053.746799,
2026-03-30,Statement 1,3.6,Professional Services,2,False,3,Statement 1,2026-02-28,210542.538058,
2026-01-30,Statement 1,3.7,Trade,2,False,3,Statement 1,2023-12-29,971917.217917,
2026-02-27,Statement 1,3.7,Trade,2,False,3,Statement 1,2024-01-26,984726.180606,
2026-03-30,Statement 1,3.7,Trade,2,False,3,Statement 1,2024-02-29,1007009.011343,2024-03-08
2026-03-30,Statement 1,3.7,Trade,2,False,3,Statement 1,2024-03-22,1024407.716289,
2026-01-30,Statement 1,3.7,Trade,2,False,3,Statement 1,2024-12-27,1107394.720215,
2026-02-27,Statement 1,3.7,Trade,2,False,3,Statement 1,2025-01-24,1127156.363535,
2026-03-30,Statement 1,3.7,Trade,2,False,3,Statement 1,2025-02-28,1154669.198935,2025-03-07
2026-03-30,Statement 1,3.7,Trade,2,False,3,Statement 1,2025-03-21,1184550.226859,
2026-01-30,Statement 1,3.7,Trade,2,False,3,Statement 1,2025-12-31,1300840.729493,
2026-02-27,Statement 1,3.7,Trade,2,False,3,Statement 1,2026-01-31,1309115.360266,
2026-03-30,Statement 1,3.7,Trade,2,False,3,Statement 1,2026-02-28,1320670.398501,
2026-01-30,Statement 1,3.7.1,Wholesale Trade,3,False,3.7,Statement 1,2023-12-29,503241.31022,
2026-02-27,Statement 1,3.7.1,Wholesale Trade,3,False,3.7,Statement 1,2024-01-26,515587.699659,
2026-03-30,Statement 1,3.7.1,Wholesale Trade,3,False,3.7,Statement 1,2024-02-29,529173.276041,2024-03-08
2026-03-30,Statement 1,3.7.1,Wholesale Trade,3,False,3.7,Statement 1,2024-03-22,537188.975284,
2026-01-30,Statement 1,3.7.1,Wholesale Trade,3,False,3.7,Statement 1,2024-12-27,580889.827475,
2026-02-27,Statement 1,3.7.1,Wholesale Trade,3,False,3.7,Statement 1,2025-01-24,608691.612733,
2026-03-30,Statement 1,3.7.1,Wholesale Trade,3,False,3.7,Statement 1,2025-02-28,629036.222042,2025-03-07
2026-03-30,Statement 1,3.7.1,Wholesale Trade,3,False,3.7,Statement 1,2025-03-21,646098.731744,
2026-01-30,Statement 1,3.7.1,Wholesale Trade,3,False,3.7,Statement 1,2025-12-31,708140.07718,
2026-02-27,Statement 1,3.7.1,Wholesale Trade,3,False,3.7,Statement 1,2026-01-31,723122.343866,
2026-03-30,Statement 1,3.7.1,Wholesale Trade,3,False,3.7,Statement 1,2026-02-28,737574.466827,
2026-01-30,Statement 1,3.7.2,Retail Trade,3,False,3.7,Statement 1,2023-12-29,468675.907697,
2026-02-27,Statement 1,3.7.2,Retail Trade,3,False,3.7,Statement 1,2024-01-26,469138.480947,
2026-03-30,Statement 1,3.7.2,Retail Trade,3,False,3.7,Statement 1,2024-02-29,477835.735302,2024-03-08
2026-03-30,Statement 1,3.7.2,Retail Trade,3,False,3.7,Statement 1,2024-03-22,487218.741004,
2026-01-30,Statement 1,3.7.2,Retail Trade,3,False,3.7,Statement 1,2024-12-27,526504.89274,
2026-02-27,Statement 1,3.7.2,Retail Trade,3,False,3.7,Statement 1,2025-01-24,518464.750802,
2026-03-30,Statement 1,3.7.2,Retail Trade,3,False,3.7,Statement 1,2025-02-28,525632.976893,2025-03-07
2026-03-30,Statement 1,3.7.2,Retail Trade,3,False,3.7,Statement 1,2025-03-21,538451.495115,
2026-01-30,Statement 1,3.7.2,Retail Trade,3,False,3.7,Statement 1,2025-12-31,592700.652313,
2026-02-27,Statement 1,3.7.2,Retail Trade,3,False,3.7,Statement 1,2026-01-31,585993.0164,
2026-03-30,Statement 1,3.7.2,Retail Trade,3,False,3.7,Statement 1,2026-02-28,583095.931674,
2026-01-30,Statement 1,3.8,Commercial Real Estate,2,False,3,Statement 1,2023-12-29,449225.304716,
2026-02-27,Statement 1,3.8,Commercial Real Estate,2,False,3,Statement 1,2024-01-26,450810.92745,
2026-03-30,Statement 1,3.8,Commercial Real Estate,2,False,3,Statement 1,2024-02-29,454736.251098,2024-03-08
2026-03-30,Statement 1,3.8,Commercial Real Estate,2,False,3,Statement 1,2024-03-22,460263.097704,
2026-01-30,Statement 1,3.8,Commercial Real Estate,2,False,3,Statement 1,2024-12-27,512114.442613,
2026-02-27,Statement 1,3.8,Commercial Real Estate,2,False,3,Statement 1,2025-01-24,514506.43005,
2026-03-30,Statement 1,3.8,Commercial Real Estate,2,False,3,Statement 1,2025-02-28,516849.703224,2025-03-07
2026-03-30,Statement 1,3.8,Commercial Real Estate,2,False,3,Statement 1,2025-03-21,523264.418947,
2026-01-30,Statement 1,3.8,Commercial Real Estate,2,False,3,Statement 1,2025-12-31,590850.489034,
2026-02-27,Statement 1,3.8,Commercial Real Estate,2,False,3,Statement 1,2026-01-31,597880.218455,
2026-03-30,Statement 1,3.8,Commercial Real Estate,2,False,3,Statement 1,2026-02-28,606611.628326,
2026-01-30,Statement 1,3.9,Non-Banking Financial Companies (NBFCs),2,False,3,Statement 1,2023-12-29,1521523.673705,
2026-02-27,Statement 1,3.9,Non-Banking Financial Companies (NBFCs),2,False,3,Statement 1,2024-01-26,1495417.5768539999,
2026-03-30,Statement 1,3.9,Non-Banking Financial Companies (NBFCs),2,False,3,Statement 1,2024-02-29,1490705.359372,2024-03-08
2026-03-30,Statement 1,3.9,Non-Banking Financial Companies (NBFCs),2,False,3,Statement 1,2024-03-22,1523054.468859,
2026-01-30,Statement 1,3.9,Non-Banking Financial Companies (NBFCs),2,False,3,Statement 1,2024-12-27,1621000.532663,
2026-02-27,Statement 1,3.9,Non-Banking Financial Companies (NBFCs),2,False,3,Statement 1,2025-01-24,1617897.767662,
2026-03-30,Statement 1,3.9,Non-Banking Financial Companies (NBFCs),2,False,3,Statement 1,2025-02-28,1610743.743818,2025-03-07
2026-03-30,Statement 1,3.9,Non-Banking Financial Companies (NBFCs),2,False,3,Statement 1,2025-03-21,1635102.1619060002,
2026-01-30,Statement 1,3.9,Non-Banking Financial Companies (NBFCs),2,False,3,Statement 1,2025-12-31,1865190.386649,
2026-02-27,Statement 1,3.9,Non-Banking Financial Companies (NBFCs),2,False,3,Statement 1,2026-01-31,1905206.7822989998,
2026-03-30,Statement 1,3.9,Non-Banking Financial Companies (NBFCs),2,False,3,Statement 1,2026-02-28,1947583.8944950001,
2026-01-30,Statement 1,3.9.1,Housing Finance Companies (HFCs),3,False,3.9,Statement 1,2023-12-29,326465.384499,
2026-02-27,Statement 1,3.9.1,Housing Finance Companies (HFCs),3,False,3.9,Statement 1,2024-01-26,334241.435015,
2026-03-30,Statement 1,3.9.1,Housing Finance Companies (HFCs),3,False,3.9,Statement 1,2024-02-29,325709.997325,2024-03-08
2026-03-30,Statement 1,3.9.1,Housing Finance Companies (HFCs),3,False,3.9,Statement 1,2024-03-22,321364.514275,
2026-01-30,Statement 1,3.9.1,Housing Finance Companies (HFCs),3,False,3.9,Statement 1,2024-12-27,319954.608956,
2026-02-27,Statement 1,3.9.1,Housing Finance Companies (HFCs),3,False,3.9,Statement 1,2025-01-24,325681.86,
2026-03-30,Statement 1,3.9.1,Housing Finance Companies (HFCs),3,False,3.9,Statement 1,2025-02-28,324610.81,2025-03-07
2026-03-30,Statement 1,3.9.1,Housing Finance Companies (HFCs),3,False,3.9,Statement 1,2025-03-21,323181.87,
2026-01-30,Statement 1,3.9.1,Housing Finance Companies (HFCs),3,False,3.9,Statement 1,2025-12-31,352976.25,
2026-02-27,Statement 1,3.9.1,Housing Finance Companies (HFCs),3,False,3.9,Statement 1,2026-01-31,353406.39,
2026-03-30,Statement 1,3.9.1,Housing Finance Companies (HFCs),3,False,3.9,Statement 1,2026-02-28,359225.71147,
2026-01-30,Statement 1,3.9.2,Public Financial Institutions (PFIs),3,False,3.9,Statement 1,2023-12-29,205569.859789,
2026-02-27,Statement 1,3.9.2,Public Financial Institutions (PFIs),3,False,3.9,Statement 1,2024-01-26,204974.367036,
2026-03-30,Statement 1,3.9.2,Public Financial Institutions (PFIs),3,False,3.9,Statement 1,2024-02-29,208396.013811,2024-03-08
2026-03-30,Statement 1,3.9.2,Public Financial Institutions (PFIs),3,False,3.9,Statement 1,2024-03-22,212796.53246,
2026-01-30,Statement 1,3.9.2,Public Financial Institutions (PFIs),3,False,3.9,Statement 1,2024-12-27,218656.744161,
2026-02-27,Statement 1,3.9.2,Public Financial Institutions (PFIs),3,False,3.9,Statement 1,2025-01-24,219865.522192,
2026-03-30,Statement 1,3.9.2,Public Financial Institutions (PFIs),3,False,3.9,Statement 1,2025-02-28,217593.090992,2025-03-07
2026-03-30,Statement 1,3.9.2,Public Financial Institutions (PFIs),3,False,3.9,Statement 1,2025-03-21,228678.443837,
2026-01-30,Statement 1,3.9.2,Public Financial Institutions (PFIs),3,False,3.9,Statement 1,2025-12-31,291502.960755,
2026-02-27,Statement 1,3.9.2,Public Financial Institutions (PFIs),3,False,3.9,Statement 1,2026-01-31,305669.872459,
2026-03-30,Statement 1,3.9.2,Public Financial Institutions (PFIs),3,False,3.9,Statement 1,2026-02-28,316123.967391,
2026-01-30,Statement 1,4,Personal Loans,1,False,III,Statement 1,2023-12-29,5187944.70354,
2026-02-27,Statement 1,4,Personal Loans,1,False,III,Statement 1,2024-01-26,5229492.695412,
2026-03-30,Statement 1,4,Personal Loans,1,False,III,Statement 1,2024-02-29,5279167.357179,2024-03-08
2026-03-30,Statement 1,4,Personal Loans,1,False,III,Statement 1,2024-03-22,5346691.220911,
2026-01-30,Statement 1,4,Personal Loans,1,False,III,Statement 1,2024-12-27,5812623.515424,
2026-02-27,Statement 1,4,Personal Loans,1,False,III,Statement 1,2025-01-24,5849356.318726,
2026-03-30,Statement 1,4,Personal Loans,1,False,III,Statement 1,2025-02-28,5898807.502742,2025-03-07
2026-03-30,Statement 1,4,Personal Loans,1,False,III,Statement 1,2025-03-21,5971696.129846,
2026-01-30,Statement 1,4,Personal Loans,1,False,III,Statement 1,2025-12-31,6648249.776205,
2026-02-27,Statement 1,4,Personal Loans,1,False,III,Statement 1,2026-01-31,6723042.124724,
2026-03-30,Statement 1,4,Personal Loans,1,False,III,Statement 1,2026-02-28,6796850.161803,
2026-01-30,Statement 1,4.1,Consumer Durables,2,False,4,Statement 1,2023-12-29,24013.570063,
2026-02-27,Statement 1,4.1,Consumer Durables,2,False,4,Statement 1,2024-01-26,23869.159414,
2026-03-30,Statement 1,4.1,Consumer Durables,2,False,4,Statement 1,2024-02-29,23686.570707,2024-03-08
2026-03-30,Statement 1,4.1,Consumer Durables,2,False,4,Statement 1,2024-03-22,23444.837766,
2026-01-30,Statement 1,4.1,Consumer Durables,2,False,4,Statement 1,2024-12-27,23794.145413,
2026-02-27,Statement 1,4.1,Consumer Durables,2,False,4,Statement 1,2025-01-24,23299.895966,
2026-03-30,Statement 1,4.1,Consumer Durables,2,False,4,Statement 1,2025-02-28,24301.36101,2025-03-07
2026-03-30,Statement 1,4.1,Consumer Durables,2,False,4,Statement 1,2025-03-21,23200.658602,
2026-01-30,Statement 1,4.1,Consumer Durables,2,False,4,Statement 1,2025-12-31,22569.024672,
2026-02-27,Statement 1,4.1,Consumer Durables,2,False,4,Statement 1,2026-01-31,22359.641494,
2026-03-30,Statement 1,4.1,Consumer Durables,2,False,4,Statement 1,2026-02-28,21924.973831,
2026-01-30,Statement 1,4.2,Housing (Including Priority Sector Housing),2,False,4,Statement 1,2023-12-29,2637783.831143,
2026-02-27,Statement 1,4.2,Housing (Including Priority Sector Housing),2,False,4,Statement 1,2024-01-26,2658081.562397,
2026-03-30,Statement 1,4.2,Housing (Including Priority Sector Housing),2,False,4,Statement 1,2024-02-29,2680408.560827,2024-03-08
2026-03-30,Statement 1,4.2,Housing (Including Priority Sector Housing),2,False,4,Statement 1,2024-03-22,2718712.395268,
2026-01-30,Statement 1,4.2,Housing (Including Priority Sector Housing),2,False,4,Statement 1,2024-12-27,2931738.852042,
2026-02-27,Statement 1,4.2,Housing (Including Priority Sector Housing),2,False,4,Statement 1,2025-01-24,2950973.722526,
2026-03-30,Statement 1,4.2,Housing (Including Priority Sector Housing),2,False,4,Statement 1,2025-02-28,2978758.787948,2025-03-07
2026-03-30,Statement 1,4.2,Housing (Including Priority Sector Housing),2,False,4,Statement 1,2025-03-21,3010476.605355,
2026-01-30,Statement 1,4.2,Housing (Including Priority Sector Housing),2,False,4,Statement 1,2025-12-31,3256351.143668,
2026-02-27,Statement 1,4.2,Housing (Including Priority Sector Housing),2,False,4,Statement 1,2026-01-31,3278420.304948,
2026-03-30,Statement 1,4.2,Housing (Including Priority Sector Housing),2,False,4,Statement 1,2026-02-28,3305691.111518,
2026-01-30,Statement 1,4.3,"Advances against Fixed Deposits (Including FCNR (B), NRNR Deposits etc.)",2,False,4,Statement 1,2023-12-29,117883.931945,
2026-02-27,Statement 1,4.3,"Advances against Fixed Deposits (Including FCNR (B), NRNR Deposits etc.)",2,False,4,Statement 1,2024-01-26,116546.692276,
2026-03-30,Statement 1,4.3,"Advances against Fixed Deposits (Including FCNR (B), NRNR Deposits etc.)",2,False,4,Statement 1,2024-02-29,119814.866994,2024-03-08
2026-03-30,Statement 1,4.3,"Advances against Fixed Deposits (Including FCNR (B), NRNR Deposits etc.)",2,False,4,Statement 1,2024-03-22,125082.24251,
2026-01-30,Statement 1,4.3,"Advances against Fixed Deposits (Including FCNR (B), NRNR Deposits etc.)",2,False,4,Statement 1,2024-12-27,141574.568697,
2026-02-27,Statement 1,4.3,"Advances against Fixed Deposits (Including FCNR (B), NRNR Deposits etc.)",2,False,4,Statement 1,2025-01-24,136461.295664,
2026-03-30,Statement 1,4.3,"Advances against Fixed Deposits (Including FCNR (B), NRNR Deposits etc.)",2,False,4,Statement 1,2025-02-28,135169.192439,2025-03-07
2026-03-30,Statement 1,4.3,"Advances against Fixed Deposits (Including FCNR (B), NRNR Deposits etc.)",2,False,4,Statement 1,2025-03-21,141842.08336,
2026-01-30,Statement 1,4.3,"Advances against Fixed Deposits (Including FCNR (B), NRNR Deposits etc.)",2,False,4,Statement 1,2025-12-31,163243.225693,
2026-02-27,Statement 1,4.3,"Advances against Fixed Deposits (Including FCNR (B), NRNR Deposits etc.)",2,False,4,Statement 1,2026-01-31,154359.968207,
2026-03-30,Statement 1,4.3,"Advances against Fixed Deposits (Including FCNR (B), NRNR Deposits etc.)",2,False,4,Statement 1,2026-02-28,154182.853958,
2026-01-30,Statement 1,4.4,"Advances to Individuals against share, bonds, etc.",2,False,4,Statement 1,2023-12-29,8025.162021,
2026-02-27,Statement 1,4.4,"Advances to Individuals against share, bonds, etc.",2,False,4,Statement 1,2024-01-26,7340.133668,
2026-03-30,Statement 1,4.4,"Advances to Individuals against share, bonds, etc.",2,False,4,Statement 1,2024-02-29,8400.570984,2024-03-08
2026-03-30,Statement 1,4.4,"Advances to Individuals against share, bonds, etc.",2,False,4,Statement 1,2024-03-22,8492.355003,
2026-01-30,Statement 1,4.4,"Advances to Individuals against share, bonds, etc.",2,False,4,Statement 1,2024-12-27,9790.864477,
2026-02-27,Statement 1,4.4,"Advances to Individuals against share, bonds, etc.",2,False,4,Statement 1,2025-01-24,9765.771392,
2026-03-30,Statement 1,4.4,"Advances to Individuals against share, bonds, etc.",2,False,4,Statement 1,2025-02-28,9808.249927,2025-03-07
2026-03-30,Statement 1,4.4,"Advances to Individuals against share, bonds, etc.",2,False,4,Statement 1,2025-03-21,10079.513133,
2026-01-30,Statement 1,4.4,"Advances to Individuals against share, bonds, etc.",2,False,4,Statement 1,2025-12-31,10193.511858,
2026-02-27,Statement 1,4.4,"Advances to Individuals against share, bonds, etc.",2,False,4,Statement 1,2026-01-31,10263.564514,
2026-03-30,Statement 1,4.4,"Advances to Individuals against share, bonds, etc.",2,False,4,Statement 1,2026-02-28,10085.127499,
2026-01-30,Statement 1,4.5,Credit Card Outstanding,2,False,4,Statement 1,2023-12-29,251842.791992,
2026-02-27,Statement 1,4.5,Credit Card Outstanding,2,False,4,Statement 1,2024-01-26,258503.29871,
2026-03-30,Statement 1,4.5,Credit Card Outstanding,2,False,4,Statement 1,2024-02-29,258107.390778,2024-03-08
2026-03-30,Statement 1,4.5,Credit Card Outstanding,2,False,4,Statement 1,2024-03-22,257016.060676,
2026-01-30,Statement 1,4.5,Credit Card Outstanding,2,False,4,Statement 1,2024-12-27,291086.840751,
2026-02-27,Statement 1,4.5,Credit Card Outstanding,2,False,4,Statement 1,2025-01-24,292083.480649,
2026-03-30,Statement 1,4.5,Credit Card Outstanding,2,False,4,Statement 1,2025-02-28,287047.06058,2025-03-07
2026-03-30,Statement 1,4.5,Credit Card Outstanding,2,False,4,Statement 1,2025-03-21,284366.260475,
2026-01-30,Statement 1,4.5,Credit Card Outstanding,2,False,4,Statement 1,2025-12-31,294068.064192,
2026-02-27,Statement 1,4.5,Credit Card Outstanding,2,False,4,Statement 1,2026-01-31,296417.211618,
2026-03-30,Statement 1,4.5,Credit Card Outstanding,2,False,4,Statement 1,2026-02-28,292066.514814,
2026-01-30,Statement 1,4.6,Education,2,False,4,Statement 1,2023-12-29,114955.506895,
2026-02-27,Statement 1,4.6,Education,2,False,4,Statement 1,2024-01-26,117186.010441,
2026-03-30,Statement 1,4.6,Education,2,False,4,Statement 1,2024-02-29,118707.24317,2024-03-08
2026-03-30,Statement 1,4.6,Education,2,False,4,Statement 1,2024-03-22,119379.603656,
2026-01-30,Statement 1,4.6,Education,2,False,4,Statement 1,2024-12-27,133139.012096,
2026-02-27,Statement 1,4.6,Education,2,False,4,Statement 1,2025-01-24,135864.67557,
2026-03-30,Statement 1,4.6,Education,2,False,4,Statement 1,2025-02-28,136820.627146,2025-03-07
2026-03-30,Statement 1,4.6,Education,2,False,4,Statement 1,2025-03-21,137456.056824,
2026-01-30,Statement 1,4.6,Education,2,False,4,Statement 1,2025-12-31,152789.107428,
2026-02-27,Statement 1,4.6,Education,2,False,4,Statement 1,2026-01-31,154899.320815,
2026-03-30,Statement 1,4.6,Education,2,False,4,Statement 1,2026-02-28,155589.76727,
2026-01-30,Statement 1,4.7,Vehicle Loans,2,False,4,Statement 1,2023-12-29,563467.759442,
2026-02-27,Statement 1,4.7,Vehicle Loans,2,False,4,Statement 1,2024-01-26,560961.594102,
2026-03-30,Statement 1,4.7,Vehicle Loans,2,False,4,Statement 1,2024-02-29,565733.399874,2024-03-08
2026-03-30,Statement 1,4.7,Vehicle Loans,2,False,4,Statement 1,2024-03-22,573390.822871,
2026-01-30,Statement 1,4.7,Vehicle Loans,2,False,4,Statement 1,2024-12-27,613296.186783,
2026-02-27,Statement 1,4.7,Vehicle Loans,2,False,4,Statement 1,2025-01-24,615234.996383,
2026-03-30,Statement 1,4.7,Vehicle Loans,2,False,4,Statement 1,2025-02-28,619796.609514,2025-03-07
2026-03-30,Statement 1,4.7,Vehicle Loans,2,False,4,Statement 1,2025-03-21,622793.449718,
2026-01-30,Statement 1,4.7,Vehicle Loans,2,False,4,Statement 1,2025-12-31,714631.491046,
2026-02-27,Statement 1,4.7,Vehicle Loans,2,False,4,Statement 1,2026-01-31,720567.284783,
2026-03-30,Statement 1,4.7,Vehicle Loans,2,False,4,Statement 1,2026-02-28,726036.988829,
2026-01-30,Statement 1,4.8,Loans against gold jewellery,2,False,4,Statement 1,2023-12-29,91099.267809,
2026-02-27,Statement 1,4.8,Loans against gold jewellery,2,False,4,Statement 1,2024-01-26,91458.092834,
2026-03-30,Statement 1,4.8,Loans against gold jewellery,2,False,4,Statement 1,2024-02-29,92414.988613,2024-03-08
2026-03-30,Statement 1,4.8,Loans against gold jewellery,2,False,4,Statement 1,2024-03-22,93301.371708,
2026-01-30,Statement 1,4.8,Loans against gold jewellery,2,False,4,Statement 1,2024-12-27,168128.175071,
2026-02-27,Statement 1,4.8,Loans against gold jewellery,2,False,4,Statement 1,2025-01-24,175086.235752,
2026-03-30,Statement 1,4.8,Loans against gold jewellery,2,False,4,Statement 1,2025-02-28,188051.307302,2025-03-07
2026-03-30,Statement 1,4.8,Loans against gold jewellery,2,False,4,Statement 1,2025-03-21,206284.024542,
2026-01-30,Statement 1,4.8,Loans against gold jewellery,2,False,4,Statement 1,2025-12-31,382706.327172,
2026-02-27,Statement 1,4.8,Loans against gold jewellery,2,False,4,Statement 1,2026-01-31,400517.195347,
2026-03-30,Statement 1,4.8,Loans against gold jewellery,2,False,4,Statement 1,2026-02-28,428577.989722,
2026-01-30,Statement 1,4.9,Other Personal Loans,2,False,4,Statement 1,2023-12-29,1378872.882231,
2026-02-27,Statement 1,4.9,Other Personal Loans,2,False,4,Statement 1,2024-01-26,1395546.15157,
2026-03-30,Statement 1,4.9,Other Personal Loans,2,False,4,Statement 1,2024-02-29,1411893.765231,2024-03-08
2026-03-30,Statement 1,4.9,Other Personal Loans,2,False,4,Statement 1,2024-03-22,1427871.531455,
2026-01-30,Statement 1,4.9,Other Personal Loans,2,False,4,Statement 1,2024-12-27,1500074.870093,
2026-02-27,Statement 1,4.9,Other Personal Loans,2,False,4,Statement 1,2025-01-24,1510586.244825,
2026-03-30,Statement 1,4.9,Other Personal Loans,2,False,4,Statement 1,2025-02-28,1519054.306877,2025-03-07
2026-03-30,Statement 1,4.9,Other Personal Loans,2,False,4,Statement 1,2025-03-21,1535197.477836,
2026-01-30,Statement 1,4.9,Other Personal Loans,2,False,4,Statement 1,2025-12-31,1651697.880476,
2026-02-27,Statement 1,4.9,Other Personal Loans,2,False,4,Statement 1,2026-01-31,1685237.632997,
2026-03-30,Statement 1,4.9,Other Personal Loans,2,False,4,Statement 1,2026-02-28,1702694.834362,
2026-01-30,Statement 1,I,Bank Credit (II + III),0,False,,,2023-12-29,15961943.973180002,
2026-02-27,Statement 1,I,Bank Credit (II + III),0,False,,,2024-01-26,16043591.79785,
2026-03-30,Statement 1,I,Bank Credit (II + III),0,False,,,2024-02-29,16313558.602319617,2024-03-08
2026-03-30,Statement 1,I,Bank Credit (II + III),0,False,,,2024-03-22,16432163.926709997,
2026-01-30,Statement 1,I,Bank Credit (II + III),0,False,,,2024-12-27,17743037.471804604,
2026-02-27,Statement 1,I,Bank Credit (II + III),0,False,,,2025-01-24,17868478.530021753,
2026-03-30,Statement 1,I,Bank Credit (II + III),0,False,,,2025-02-28,18125412.602319617,2025-03-07
2026-03-30,Statement 1,I,Bank Credit (II + III),0,False,,,2025-03-21,18243972.334670212,
2026-01-30,Statement 1,I,Bank Credit (II + III),0,False,,,2025-12-31,20322515.473019347,
2026-02-27,Statement 1,I,Bank Credit (II + III),0,False,,,2026-01-31,20475381.95524439,
2026-03-30,Statement 1,I,Bank Credit (II + III),0,False,,,2026-02-28,20754077.68748693,
2026-01-30,Statement 1,II,Food Credit,0,False,,,2023-12-29,43138.61,
2026-02-27,Statement 1,II,Food Credit,0,False,,,2024-01-26,45618.73,
2026-03-30,Statement 1,II,Food Credit,0,False,,,2024-02-29,31703.269999999997,2024-03-08
2026-03-30,Statement 1,II,Food Credit,0,False,,,2024-03-22,23080.81,
2026-01-30,Statement 1,II,Food Credit,0,False,,,2024-12-27,56138.69,
2026-02-27,Statement 1,II,Food Credit,0,False,,,2025-01-24,56178.86,
2026-03-30,Statement 1,II,Food Credit,0,False,,,2025-02-28,42552.27,2025-03-07
2026-03-30,Statement 1,II,Food Credit,0,False,,,2025-03-21,36531.16,
2026-01-30,Statement 1,II,Food Credit,0,False,,,2025-12-31,87972.45,
2026-02-27,Statement 1,II,Food Credit,0,False,,,2026-01-31,89295.4,
2026-03-30,Statement 1,II,Food Credit,0,False,,,2026-02-28,82643.14,
2026-01-30,Statement 1,III,Non-food Credit,0,False,,,2023-12-29,15918805.363180002,
2026-02-27,Statement 1,III,Non-food Credit,0,False,,,2024-01-26,15997973.06785,
2026-03-30,Statement 1,III,Non-food Credit,0,False,,,2024-02-29,16281855.332319617,2024-03-08
2026-03-30,Statement 1,III,Non-food Credit,0,False,,,2024-03-22,16409083.116709996,
2026-01-30,Statement 1,III,Non-food Credit,0,False,,,2024-12-27,17686898.781804603,
2026-02-27,Statement 1,III,Non-food Credit,0,False,,,2025-01-24,17812299.670021754,
2026-03-30,Statement 1,III,Non-food Credit,0,False,,,2025-02-28,18082860.332319617,2025-03-07
2026-03-30,Statement 1,III,Non-food Credit,0,False,,,2025-03-21,18207441.174670212,
2026-01-30,Statement 1,III,Non-food Credit,0,False,,,2025-12-31,20234543.023019347,
2026-02-27,Statement 1,III,Non-food Credit,0,False,,,2026-01-31,20386086.55524439,
2026-03-30,Statement 1,III,Non-food Credit,0,False,,,2026-02-28,20671434.54748693,
2026-01-30,Statement 1,i,Agriculture and Allied Activities,2,True,,,2023-12-29,1984675.363524,
2026-02-27,Statement 1,i,Agriculture and Allied Activities,2,True,,,2024-01-26,2008221.861126,
2026-03-30,Statement 1,i,Agriculture and Allied Activities,2,True,,,2024-02-29,2028467.861924,2024-03-08
2026-03-30,Statement 1,i,Agriculture and Allied Activities,2,True,,,2024-03-22,2061125.592131,
2026-01-30,Statement 1,i,Agriculture and Allied Activities,2,True,,,2024-12-27,2236648.34367,
2026-02-27,Statement 1,i,Agriculture and Allied Activities,2,True,,,2025-01-24,2248829.057853,
2026-03-30,Statement 1,i,Agriculture and Allied Activities,2,True,,,2025-02-28,2257407.047246,2025-03-07
2026-03-30,Statement 1,i,Agriculture and Allied Activities,2,True,,,2025-03-21,2287794.295478,
2026-01-30,Statement 1,i,Agriculture and Allied Activities,2,True,,,2025-12-31,2554978.576211,
2026-02-27,Statement 1,i,Agriculture and Allied Activities,2,True,,,2026-01-31,2565249.745375,
2026-03-30,Statement 1,i,Agriculture and Allied Activities,2,True,,,2026-02-28,2600489.744563,
2026-01-30,Statement 1,ii,Micro and Small Enterprises,2,True,,,2023-12-29,1914263.66075,
2026-02-27,Statement 1,ii,Micro and Small Enterprises,2,True,,,2024-01-26,1939652.614843,
2026-03-30,Statement 1,ii,Micro and Small Enterprises,2,True,,,2024-02-29,1958519.506653,2024-03-08
2026-03-30,Statement 1,ii,Micro and Small Enterprises,2,True,,,2024-03-22,1974181.592811,
2026-01-30,Statement 1,ii,Micro and Small Enterprises,2,True,,,2024-12-27,2145251.942221,
2026-02-27,Statement 1,ii,Micro and Small Enterprises,2,True,,,2025-01-24,2191765.631903,
2026-03-30,Statement 1,ii,Micro and Small Enterprises,2,True,,,2025-02-28,2223184.117489,2025-03-07
2026-03-30,Statement 1,ii,Micro and Small Enterprises,2,True,,,2025-03-21,2239408.718898,
2026-01-30,Statement 1,ii,Micro and Small Enterprises,2,True,,,2025-12-31,2755698.962228,
2026-02-27,Statement 1,ii,Micro and Small Enterprises,2,True,,,2026-01-31,2735314.276135,
2026-03-30,Statement 1,ii,Micro and Small Enterprises,2,True,,,2026-02-28,2812171.377665,
2026-01-30,Statement 1,iii,Medium Enterprises,2,True,,,2023-12-29,469523.708538,
2026-02-27,Statement 1,iii,Medium Enterprises,2,True,,,2024-01-26,470609.083033,
2026-03-30,Statement 1,iii,Medium Enterprises,2,True,,,2024-02-29,480977.381819,2024-03-08
2026-03-30,Statement 1,iii,Medium Enterprises,2,True,,,2024-03-22,490692.832477,
2026-01-30,Statement 1,iii,Medium Enterprises,2,True,,,2024-12-27,575433.065376,
2026-02-27,Statement 1,iii,Medium Enterprises,2,True,,,2025-01-24,574228.296943,
2026-03-30,Statement 1,iii,Medium Enterprises,2,True,,,2025-02-28,584615.139211,2025-03-07
2026-03-30,Statement 1,iii,Medium Enterprises,2,True,,,2025-03-21,601450.822701,
2026-01-30,Statement 1,iii,Medium Enterprises,2,True,,,2025-12-31,679642.3847,
2026-02-27,Statement 1,iii,Medium Enterprises,2,True,,,2026-01-31,682981.134683,
2026-03-30,Statement 1,iii,Medium Enterprises,2,True,,,2026-02-28,692153.284622,
2026-01-30,Statement 1,iv,Housing,2,True,,,2023-12-29,747899.066714,
2026-02-27,Statement 1,iv,Housing,2,True,,,2024-01-26,757001.334045,
2026-03-30,Statement 1,iv,Housing,2,True,,,2024-02-29,754645.913082,2024-03-08
2026-03-30,Statement 1,iv,Housing,2,True,,,2024-03-22,755222.25644,
2026-01-30,Statement 1,iv,Housing,2,True,,,2024-12-27,751317.333897,
2026-02-27,Statement 1,iv,Housing,2,True,,,2025-01-24,747261.250811,
2026-03-30,Statement 1,iv,Housing,2,True,,,2025-02-28,747502.537956,2025-03-07
2026-03-30,Statement 1,iv,Housing,2,True,,,2025-03-21,746651.293154,
2026-01-30,Statement 1,iv,Housing,2,True,,,2025-12-31,1028284.999418,
2026-02-27,Statement 1,iv,Housing,2,True,,,2026-01-31,1030805.285492,
2026-03-30,Statement 1,iv,Housing,2,True,,,2026-02-28,1033415.52453,
2026-01-30,Statement 1,ix,Others,2,True,,,2023-12-29,53283.145494,
2026-02-27,Statement 1,ix,Others,2,True,,,2024-01-26,64185.31376,
2026-03-30,Statement 1,ix,Others,2,True,,,2024-02-29,62554.07518,2024-03-08
2026-03-30,Statement 1,ix,Others,2,True,,,2024-03-22,61339.167429,
2026-01-30,Statement 1,ix,Others,2,True,,,2024-12-27,55137.855959,
2026-02-27,Statement 1,ix,Others,2,True,,,2025-01-24,53143.411114,
2026-03-30,Statement 1,ix,Others,2,True,,,2025-02-28,51733.229804,2025-03-07
2026-03-30,Statement 1,ix,Others,2,True,,,2025-03-21,49552.334361,
2026-01-30,Statement 1,ix,Others,2,True,,,2025-12-31,42821.99307,
2026-02-27,Statement 1,ix,Others,2,True,,,2026-01-31,40416.672256,
2026-03-30,Statement 1,ix,Others,2,True,,,2026-02-28,41689.704115,
2026-01-30,Statement 1,v,Educational Loans,2,True,,,2023-12-29,61823.478434,
2026-02-27,Statement 1,v,Educational Loans,2,True,,,2024-01-26,61683.378536,
2026-03-30,Statement 1,v,Educational Loans,2,True,,,2024-02-29,62105.204666,2024-03-08
2026-03-30,Statement 1,v,Educational Loans,2,True,,,2024-03-22,62234.726239,
2026-01-30,Statement 1,v,Educational Loans,2,True,,,2024-12-27,62993.080314,
2026-02-27,Statement 1,v,Educational Loans,2,True,,,2025-01-24,63055.758325,
2026-03-30,Statement 1,v,Educational Loans,2,True,,,2025-02-28,62873.950323,2025-03-07
2026-03-30,Statement 1,v,Educational Loans,2,True,,,2025-03-21,62825.537219,
2026-01-30,Statement 1,v,Educational Loans,2,True,,,2025-12-31,77387.727236,
2026-02-27,Statement 1,v,Educational Loans,2,True,,,2026-01-31,77853.485163,
2026-03-30,Statement 1,v,Educational Loans,2,True,,,2026-02-28,77935.482332,
2026-01-30,Statement 1,vi,Renewable Energy,2,True,,,2023-12-29,5244.0897,
2026-02-27,Statement 1,vi,Renewable Energy,2,True,,,2024-01-26,5396.928623,
2026-03-30,Statement 1,vi,Renewable Energy,2,True,,,2024-02-29,5676.157363,2024-03-08
2026-03-30,Statement 1,vi,Renewable Energy,2,True,,,2024-03-22,5790.134324,
2026-01-30,Statement 1,vi,Renewable Energy,2,True,,,2024-12-27,8034.73,
2026-02-27,Statement 1,vi,Renewable Energy,2,True,,,2025-01-24,7558.59,
2026-03-30,Statement 1,vi,Renewable Energy,2,True,,,2025-02-28,8490.26,2025-03-07
2026-03-30,Statement 1,vi,Renewable Energy,2,True,,,2025-03-21,10324.84,
2026-01-30,Statement 1,vi,Renewable Energy,2,True,,,2025-12-31,11322.89,
2026-02-27,Statement 1,vi,Renewable Energy,2,True,,,2026-01-31,12243.33,
2026-03-30,Statement 1,vi,Renewable Energy,2,True,,,2026-02-28,13954.953259,
2026-01-30,Statement 1,vii,Social Infrastructure,2,True,,,2023-12-29,838.925765,
2026-02-27,Statement 1,vii,Social Infrastructure,2,True,,,2024-01-26,829.755805,
2026-03-30,Statement 1,vii,Social Infrastructure,2,True,,,2024-02-29,816.563184,2024-03-08
2026-03-30,Statement 1,vii,Social Infrastructure,2,True,,,2024-03-22,813.034724,
2026-01-30,Statement 1,vii,Social Infrastructure,2,True,,,2024-12-27,998.84,
2026-02-27,Statement 1,vii,Social Infrastructure,2,True,,,2025-01-24,983.06,
2026-03-30,Statement 1,vii,Social Infrastructure,2,True,,,2025-02-28,1233.23,2025-03-07
2026-03-30,Statement 1,vii,Social Infrastructure,2,True,,,2025-03-21,1316.48,
2026-01-30,Statement 1,vii,Social Infrastructure,2,True,,,2025-12-31,1277.19,
2026-02-27,Statement 1,vii,Social Infrastructure,2,True,,,2026-01-31,1255.14,
2026-03-30,Statement 1,vii,Social Infrastructure,2,True,,,2026-02-28,1220.64,
2026-01-30,Statement 1,viii,Export Credit,2,True,,,2023-12-29,11437.636115000001,
2026-02-27,Statement 1,viii,Export Credit,2,True,,,2024-01-26,12053.264607000001,
2026-03-30,Statement 1,viii,Export Credit,2,True,,,2024-02-29,11136.803437,2024-03-08
2026-03-30,Statement 1,viii,Export Credit,2,True,,,2024-03-22,11330.894447,
2026-01-30,Statement 1,viii,Export Credit,2,True,,,2024-12-27,12455.305707,
2026-02-27,Statement 1,viii,Export Credit,2,True,,,2025-01-24,12881.571997000001,
2026-03-30,Statement 1,viii,Export Credit,2,True,,,2025-02-28,11953.671221999999,2025-03-07
2026-03-30,Statement 1,viii,Export Credit,2,True,,,2025-03-21,11805.205188000002,
2026-01-30,Statement 1,viii,Export Credit,2,True,,,2025-12-31,10749.175499,
2026-02-27,Statement 1,viii,Export Credit,2,True,,,2026-01-31,10662.787879000001,
2026-03-30,Statement 1,viii,Export Credit,2,True,,,2026-02-28,10269.801414000001,
2026-01-30,Statement 1,x,Weaker Sections including net PSLC- SF/MF,2,True,,,2023-12-29,1541354.439815,
2026-02-27,Statement 1,x,Weaker Sections including net PSLC- SF/MF,2,True,,,2024-01-26,1589097.062936,
2026-03-30,Statement 1,x,Weaker Sections including net PSLC- SF/MF,2,True,,,2024-02-29,1594823.630842,2024-03-08
2026-03-30,Statement 1,x,Weaker Sections including net PSLC- SF/MF,2,True,,,2024-03-22,1617777.593105,
2026-01-30,Statement 1,x,Weaker Sections including net PSLC- SF/MF,2,True,,,2024-12-27,1748607.559006,
2026-02-27,Statement 1,x,Weaker Sections including net PSLC- SF/MF,2,True,,,2025-01-24,1793997.235779,
2026-03-30,Statement 1,x,Weaker Sections including net PSLC- SF/MF,2,True,,,2025-02-28,1789945.210739,2025-03-07
2026-03-30,Statement 1,x,Weaker Sections including net PSLC- SF/MF,2,True,,,2025-03-21,1864606.180081,
2026-01-30,Statement 1,x,Weaker Sections including net PSLC- SF/MF,2,True,,,2025-12-31,2001781.904145,
2026-02-27,Statement 1,x,Weaker Sections including net PSLC- SF/MF,2,True,,,2026-01-31,2007818.807787,
2026-03-30,Statement 1,x,Weaker Sections including net PSLC- SF/MF,2,True,,,2026-02-28,2032408.898505,
2026-01-30,Statement 2,2.1,Mining and Quarrying (incl. Coal),2,False,2,Statement 1,2023-12-29,54951.551223,
2026-02-27,Statement 2,2.1,Mining and Quarrying (incl. Coal),2,False,2,Statement 1,2024-01-26,52813.440034,
2026-03-30,Statement 2,2.1,Mining and Quarrying (incl. Coal),2,False,2,Statement 1,2024-02-23,54543.975937,
2026-03-30,Statement 2,2.1,Mining and Quarrying (incl. Coal),2,False,2,Statement 1,2024-03-22,54220.184399,
2026-01-30,Statement 2,2.1,Mining and Quarrying (incl. Coal),2,False,2,Statement 1,2024-12-27,53937.531222,
2026-02-27,Statement 2,2.1,Mining and Quarrying (incl. Coal),2,False,2,Statement 1,2025-01-24,53242.200694,
2026-03-30,Statement 2,2.1,Mining and Quarrying (incl. Coal),2,False,2,Statement 1,2025-02-21,53076.539329,
2026-03-30,Statement 2,2.1,Mining and Quarrying (incl. Coal),2,False,2,Statement 1,2025-03-21,56817.556194,
2026-01-30,Statement 2,2.1,Mining and Quarrying (incl. Coal),2,False,2,Statement 1,2025-12-31,64877.41021,
2026-02-27,Statement 2,2.1,Mining and Quarrying (incl. Coal),2,False,2,Statement 1,2026-01-31,64669.351834,
2026-03-30,Statement 2,2.1,Mining and Quarrying (incl. Coal),2,False,2,Statement 1,2026-02-28,64501.326774,
2026-01-30,Statement 2,2.10,"Rubber, Plastic and their Products",2,False,2,Statement 1,2023-12-29,87730.293464,
2026-02-27,Statement 2,2.10,"Rubber, Plastic and their Products",2,False,2,Statement 1,2024-01-26,89909.777338,
2026-03-30,Statement 2,2.10,"Rubber, Plastic and their Products",2,False,2,Statement 1,2024-02-23,90073.189716,
2026-03-30,Statement 2,2.10,"Rubber, Plastic and their Products",2,False,2,Statement 1,2024-03-22,90471.783405,
2026-01-30,Statement 2,2.10,"Rubber, Plastic and their Products",2,False,2,Statement 1,2024-12-27,98913.76262,
2026-02-27,Statement 2,2.10,"Rubber, Plastic and their Products",2,False,2,Statement 1,2025-01-24,100175.937909,
2026-03-30,Statement 2,2.10,"Rubber, Plastic and their Products",2,False,2,Statement 1,2025-02-21,101709.8246,
2026-03-30,Statement 2,2.10,"Rubber, Plastic and their Products",2,False,2,Statement 1,2025-03-21,103464.613501,
2026-01-30,Statement 2,2.10,"Rubber, Plastic and their Products",2,False,2,Statement 1,2025-12-31,108654.13518,
2026-02-27,Statement 2,2.10,"Rubber, Plastic and their Products",2,False,2,Statement 1,2026-01-31,110155.84059,
2026-03-30,Statement 2,2.10,"Rubber, Plastic and their Products",2,False,2,Statement 1,2026-02-28,110981.829394,
2026-01-30,Statement 2,2.11,Glass and Glassware,2,False,2,Statement 1,2023-12-29,11347.304138,
2026-02-27,Statement 2,2.11,Glass and Glassware,2,False,2,Statement 1,2024-01-26,11732.344266,
2026-03-30,Statement 2,2.11,Glass and Glassware,2,False,2,Statement 1,2024-02-23,11666.088633,
2026-03-30,Statement 2,2.11,Glass and Glassware,2,False,2,Statement 1,2024-03-22,12090.217792,
2026-01-30,Statement 2,2.11,Glass and Glassware,2,False,2,Statement 1,2024-12-27,12507.501312,
2026-02-27,Statement 2,2.11,Glass and Glassware,2,False,2,Statement 1,2025-01-24,12610.40886,
2026-03-30,Statement 2,2.11,Glass and Glassware,2,False,2,Statement 1,2025-02-21,13198.657066,
2026-03-30,Statement 2,2.11,Glass and Glassware,2,False,2,Statement 1,2025-03-21,13442.791875,
2026-01-30,Statement 2,2.11,Glass and Glassware,2,False,2,Statement 1,2025-12-31,13759.588948,
2026-02-27,Statement 2,2.11,Glass and Glassware,2,False,2,Statement 1,2026-01-31,13826.486687,
2026-03-30,Statement 2,2.11,Glass and Glassware,2,False,2,Statement 1,2026-02-28,13701.887199,
2026-01-30,Statement 2,2.12,Cement and Cement Products,2,False,2,Statement 1,2023-12-29,60243.636652,
2026-02-27,Statement 2,2.12,Cement and Cement Products,2,False,2,Statement 1,2024-01-26,59192.616085,
2026-03-30,Statement 2,2.12,Cement and Cement Products,2,False,2,Statement 1,2024-02-23,60574.613335,
2026-03-30,Statement 2,2.12,Cement and Cement Products,2,False,2,Statement 1,2024-03-22,59756.90776,
2026-01-30,Statement 2,2.12,Cement and Cement Products,2,False,2,Statement 1,2024-12-27,61541.782561,
2026-02-27,Statement 2,2.12,Cement and Cement Products,2,False,2,Statement 1,2025-01-24,60576.350899,
2026-03-30,Statement 2,2.12,Cement and Cement Products,2,False,2,Statement 1,2025-02-21,60327.292212,
2026-03-30,Statement 2,2.12,Cement and Cement Products,2,False,2,Statement 1,2025-03-21,59752.607309,
2026-01-30,Statement 2,2.12,Cement and Cement Products,2,False,2,Statement 1,2025-12-31,64558.756362,
2026-02-27,Statement 2,2.12,Cement and Cement Products,2,False,2,Statement 1,2026-01-31,64548.566153,
2026-03-30,Statement 2,2.12,Cement and Cement Products,2,False,2,Statement 1,2026-02-28,64331.511845,
2026-01-30,Statement 2,2.13,Basic Metal and Metal Product,2,False,2,Statement 1,2023-12-29,382539.769297,
2026-02-27,Statement 2,2.13,Basic Metal and Metal Product,2,False,2,Statement 1,2024-01-26,380536.272237,
2026-03-30,Statement 2,2.13,Basic Metal and Metal Product,2,False,2,Statement 1,2024-02-23,381370.903046,
2026-03-30,Statement 2,2.13,Basic Metal and Metal Product,2,False,2,Statement 1,2024-03-22,384447.229472,
2026-01-30,Statement 2,2.13,Basic Metal and Metal Product,2,False,2,Statement 1,2024-12-27,432756.824709,
2026-02-27,Statement 2,2.13,Basic Metal and Metal Product,2,False,2,Statement 1,2025-01-24,434354.303158,
2026-03-30,Statement 2,2.13,Basic Metal and Metal Product,2,False,2,Statement 1,2025-02-21,431339.558296,
2026-03-30,Statement 2,2.13,Basic Metal and Metal Product,2,False,2,Statement 1,2025-03-21,433501.154395,
2026-01-30,Statement 2,2.13,Basic Metal and Metal Product,2,False,2,Statement 1,2025-12-31,494161.681728,
2026-02-27,Statement 2,2.13,Basic Metal and Metal Product,2,False,2,Statement 1,2026-01-31,494119.017771,
2026-03-30,Statement 2,2.13,Basic Metal and Metal Product,2,False,2,Statement 1,2026-02-28,496719.777005,
2026-01-30,Statement 2,2.13.1,Iron and Steel,3,False,2.13,Statement 2,2023-12-29,270611.160993,
2026-02-27,Statement 2,2.13.1,Iron and Steel,3,False,2.13,Statement 2,2024-01-26,269706.620931,
2026-03-30,Statement 2,2.13.1,Iron and Steel,3,False,2.13,Statement 2,2024-02-23,270540.035819,
2026-03-30,Statement 2,2.13.1,Iron and Steel,3,False,2.13,Statement 2,2024-03-22,273802.563886,
2026-01-30,Statement 2,2.13.1,Iron and Steel,3,False,2.13,Statement 2,2024-12-27,306184.544679,
2026-02-27,Statement 2,2.13.1,Iron and Steel,3,False,2.13,Statement 2,2025-01-24,308144.839687,
2026-03-30,Statement 2,2.13.1,Iron and Steel,3,False,2.13,Statement 2,2025-02-21,301746.066851,
2026-03-30,Statement 2,2.13.1,Iron and Steel,3,False,2.13,Statement 2,2025-03-21,300156.039772,
2026-01-30,Statement 2,2.13.1,Iron and Steel,3,False,2.13,Statement 2,2025-12-31,335075.752607,
2026-02-27,Statement 2,2.13.1,Iron and Steel,3,False,2.13,Statement 2,2026-01-31,333268.398282,
2026-03-30,Statement 2,2.13.1,Iron and Steel,3,False,2.13,Statement 2,2026-02-28,334965.626148,
2026-01-30,Statement 2,2.13.2,Other Metal and Metal Product,3,False,2.13,Statement 2,2023-12-29,111928.608303,
2026-02-27,Statement 2,2.13.2,Other Metal and Metal Product,3,False,2.13,Statement 2,2024-01-26,110829.651306,
2026-03-30,Statement 2,2.13.2,Other Metal and Metal Product,3,False,2.13,Statement 2,2024-02-23,110830.867228,
2026-03-30,Statement 2,2.13.2,Other Metal and Metal Product,3,False,2.13,Statement 2,2024-03-22,110644.665587,
2026-01-30,Statement 2,2.13.2,Other Metal and Metal Product,3,False,2.13,Statement 2,2024-12-27,126572.28003,
2026-02-27,Statement 2,2.13.2,Other Metal and Metal Product,3,False,2.13,Statement 2,2025-01-24,126209.463472,
2026-03-30,Statement 2,2.13.2,Other Metal and Metal Product,3,False,2.13,Statement 2,2025-02-21,129593.491444,
2026-03-30,Statement 2,2.13.2,Other Metal and Metal Product,3,False,2.13,Statement 2,2025-03-21,133345.114622,
2026-01-30,Statement 2,2.13.2,Other Metal and Metal Product,3,False,2.13,Statement 2,2025-12-31,159085.929121,
2026-02-27,Statement 2,2.13.2,Other Metal and Metal Product,3,False,2.13,Statement 2,2026-01-31,160850.619488,
2026-03-30,Statement 2,2.13.2,Other Metal and Metal Product,3,False,2.13,Statement 2,2026-02-28,161754.150857,
2026-01-30,Statement 2,2.14,All Engineering,2,False,2,Statement 1,2023-12-29,190321.051799,
2026-02-27,Statement 2,2.14,All Engineering,2,False,2,Statement 1,2024-01-26,194249.257913,
2026-03-30,Statement 2,2.14,All Engineering,2,False,2,Statement 1,2024-02-23,195525.37737,
2026-03-30,Statement 2,2.14,All Engineering,2,False,2,Statement 1,2024-03-22,196864.053638,
2026-01-30,Statement 2,2.14,All Engineering,2,False,2,Statement 1,2024-12-27,227080.737027,
2026-02-27,Statement 2,2.14,All Engineering,2,False,2,Statement 1,2025-01-24,229143.368168,
2026-03-30,Statement 2,2.14,All Engineering,2,False,2,Statement 1,2025-02-21,232477.363848,
2026-03-30,Statement 2,2.14,All Engineering,2,False,2,Statement 1,2025-03-21,240135.894273,
2026-01-30,Statement 2,2.14,All Engineering,2,False,2,Statement 1,2025-12-31,296171.109082,
2026-02-27,Statement 2,2.14,All Engineering,2,False,2,Statement 1,2026-01-31,311363.243208,
2026-03-30,Statement 2,2.14,All Engineering,2,False,2,Statement 1,2026-02-28,316184.82382,
2026-01-30,Statement 2,2.14.1,Electronics,3,False,2.14,Statement 2,2023-12-29,43005.886621,
2026-02-27,Statement 2,2.14.1,Electronics,3,False,2.14,Statement 2,2024-01-26,44653.275364,
2026-03-30,Statement 2,2.14.1,Electronics,3,False,2.14,Statement 2,2024-02-23,44379.53733,
2026-03-30,Statement 2,2.14.1,Electronics,3,False,2.14,Statement 2,2024-03-22,43395.914093,
2026-01-30,Statement 2,2.14.1,Electronics,3,False,2.14,Statement 2,2024-12-27,50109.432333,
2026-02-27,Statement 2,2.14.1,Electronics,3,False,2.14,Statement 2,2025-01-24,51244.424535,
2026-03-30,Statement 2,2.14.1,Electronics,3,False,2.14,Statement 2,2025-02-21,49651.506345,
2026-03-30,Statement 2,2.14.1,Electronics,3,False,2.14,Statement 2,2025-03-21,52863.096541,
2026-01-30,Statement 2,2.14.1,Electronics,3,False,2.14,Statement 2,2025-12-31,68839.342157,
2026-02-27,Statement 2,2.14.1,Electronics,3,False,2.14,Statement 2,2026-01-31,64380.15052,
2026-03-30,Statement 2,2.14.1,Electronics,3,False,2.14,Statement 2,2026-02-28,63622.974194,
2026-01-30,Statement 2,2.14.2,Others,3,False,2.14,Statement 2,2023-12-29,147315.165179,
2026-02-27,Statement 2,2.14.2,Others,3,False,2.14,Statement 2,2024-01-26,149595.982549,
2026-03-30,Statement 2,2.14.2,Others,3,False,2.14,Statement 2,2024-02-23,151145.84004,
2026-03-30,Statement 2,2.14.2,Others,3,False,2.14,Statement 2,2024-03-22,153468.139546,
2026-01-30,Statement 2,2.14.2,Others,3,False,2.14,Statement 2,2024-12-27,176971.304693,
2026-02-27,Statement 2,2.14.2,Others,3,False,2.14,Statement 2,2025-01-24,177898.943634,
2026-03-30,Statement 2,2.14.2,Others,3,False,2.14,Statement 2,2025-02-21,182825.857502,
2026-03-30,Statement 2,2.14.2,Others,3,False,2.14,Statement 2,2025-03-21,187272.797732,
2026-01-30,Statement 2,2.14.2,Others,3,False,2.14,Statement 2,2025-12-31,227331.766925,
2026-02-27,Statement 2,2.14.2,Others,3,False,2.14,Statement 2,2026-01-31,246983.092688,
2026-03-30,Statement 2,2.14.2,Others,3,False,2.14,Statement 2,2026-02-28,252561.849625,
2026-01-30,Statement 2,2.15,"Vehicles, Vehicle Parts and Transport Equipment",2,False,2,Statement 1,2023-12-29,110543.357704,
2026-02-27,Statement 2,2.15,"Vehicles, Vehicle Parts and Transport Equipment",2,False,2,Statement 1,2024-01-26,109390.672239,
2026-03-30,Statement 2,2.15,"Vehicles, Vehicle Parts and Transport Equipment",2,False,2,Statement 1,2024-02-23,110811.490514,
2026-03-30,Statement 2,2.15,"Vehicles, Vehicle Parts and Transport Equipment",2,False,2,Statement 1,2024-03-22,113547.869646,
2026-01-30,Statement 2,2.15,"Vehicles, Vehicle Parts and Transport Equipment",2,False,2,Statement 1,2024-12-27,115495.259541,
2026-02-27,Statement 2,2.15,"Vehicles, Vehicle Parts and Transport Equipment",2,False,2,Statement 1,2025-01-24,118077.468964,
2026-03-30,Statement 2,2.15,"Vehicles, Vehicle Parts and Transport Equipment",2,False,2,Statement 1,2025-02-21,117456.966274,
2026-03-30,Statement 2,2.15,"Vehicles, Vehicle Parts and Transport Equipment",2,False,2,Statement 1,2025-03-21,119450.200207,
2026-01-30,Statement 2,2.15,"Vehicles, Vehicle Parts and Transport Equipment",2,False,2,Statement 1,2025-12-31,137486.408985,
2026-02-27,Statement 2,2.15,"Vehicles, Vehicle Parts and Transport Equipment",2,False,2,Statement 1,2026-01-31,135521.789341,
2026-03-30,Statement 2,2.15,"Vehicles, Vehicle Parts and Transport Equipment",2,False,2,Statement 1,2026-02-28,137108.142882,
2026-01-30,Statement 2,2.16,Gems and Jewellery,2,False,2,Statement 1,2023-12-29,88837.144322,
2026-02-27,Statement 2,2.16,Gems and Jewellery,2,False,2,Statement 1,2024-01-26,82234.222009,
2026-03-30,Statement 2,2.16,Gems and Jewellery,2,False,2,Statement 1,2024-02-23,81748.318266,
2026-03-30,Statement 2,2.16,Gems and Jewellery,2,False,2,Statement 1,2024-03-22,84957.198645,
2026-01-30,Statement 2,2.16,Gems and Jewellery,2,False,2,Statement 1,2024-12-27,87876.058889,
2026-02-27,Statement 2,2.16,Gems and Jewellery,2,False,2,Statement 1,2025-01-24,86443.407137,
2026-03-30,Statement 2,2.16,Gems and Jewellery,2,False,2,Statement 1,2025-02-21,83119.35019,
2026-03-30,Statement 2,2.16,Gems and Jewellery,2,False,2,Statement 1,2025-03-21,85813.54569,
2026-01-30,Statement 2,2.16,Gems and Jewellery,2,False,2,Statement 1,2025-12-31,110066.885551,
2026-02-27,Statement 2,2.16,Gems and Jewellery,2,False,2,Statement 1,2026-01-31,117215.320149,
2026-03-30,Statement 2,2.16,Gems and Jewellery,2,False,2,Statement 1,2026-02-28,116543.251638,
2026-01-30,Statement 2,2.17,Construction,2,False,2,Statement 1,2023-12-29,140771.91456,
2026-02-27,Statement 2,2.17,Construction,2,False,2,Statement 1,2024-01-26,142669.120157,
2026-03-30,Statement 2,2.17,Construction,2,False,2,Statement 1,2024-02-23,141908.119106,
2026-03-30,Statement 2,2.17,Construction,2,False,2,Statement 1,2024-03-22,142209.854361,
2026-01-30,Statement 2,2.17,Construction,2,False,2,Statement 1,2024-12-27,152438.683713,
2026-02-27,Statement 2,2.17,Construction,2,False,2,Statement 1,2025-01-24,154070.6003,
2026-03-30,Statement 2,2.17,Construction,2,False,2,Statement 1,2025-02-21,158883.727718,
2026-03-30,Statement 2,2.17,Construction,2,False,2,Statement 1,2025-03-21,160037.036601,
2026-01-30,Statement 2,2.17,Construction,2,False,2,Statement 1,2025-12-31,171000.661568,
2026-02-27,Statement 2,2.17,Construction,2,False,2,Statement 1,2026-01-31,167086.223396,
2026-03-30,Statement 2,2.17,Construction,2,False,2,Statement 1,2026-02-28,170519.412498,
2026-01-30,Statement 2,2.18,Infrastructure,2,False,2,Statement 1,2023-12-29,1324582.01824,
2026-02-27,Statement 2,2.18,Infrastructure,2,False,2,Statement 1,2024-01-26,1310664.956783,
2026-03-30,Statement 2,2.18,Infrastructure,2,False,2,Statement 1,2024-02-23,1314768.862207,
2026-03-30,Statement 2,2.18,Infrastructure,2,False,2,Statement 1,2024-03-22,1326851.766547,
2026-01-30,Statement 2,2.18,Infrastructure,2,False,2,Statement 1,2024-12-27,1346089.569105,
2026-02-27,Statement 2,2.18,Infrastructure,2,False,2,Statement 1,2025-01-24,1340944.288802,
2026-03-30,Statement 2,2.18,Infrastructure,2,False,2,Statement 1,2025-02-21,1337436.241222,
2026-03-30,Statement 2,2.18,Infrastructure,2,False,2,Statement 1,2025-03-21,1364368.718422,
2026-01-30,Statement 2,2.18,Infrastructure,2,False,2,Statement 1,2025-12-31,1442457.339287,
2026-02-27,Statement 2,2.18,Infrastructure,2,False,2,Statement 1,2026-01-31,1426795.971405,
2026-03-30,Statement 2,2.18,Infrastructure,2,False,2,Statement 1,2026-02-28,1443543.981423,
2026-01-30,Statement 2,2.18.1,Power,3,False,2.18,Statement 2,2023-12-29,651722.868936,
2026-02-27,Statement 2,2.18.1,Power,3,False,2.18,Statement 2,2024-01-26,642265.544697,
2026-03-30,Statement 2,2.18.1,Power,3,False,2.18,Statement 2,2024-02-23,651854.550215,
2026-03-30,Statement 2,2.18.1,Power,3,False,2.18,Statement 2,2024-03-22,651191.248248,
2026-01-30,Statement 2,2.18.1,Power,3,False,2.18,Statement 2,2024-12-27,662759.608888,
2026-02-27,Statement 2,2.18.1,Power,3,False,2.18,Statement 2,2025-01-24,671688.740078,
2026-03-30,Statement 2,2.18.1,Power,3,False,2.18,Statement 2,2025-02-21,668583.924385,
2026-03-30,Statement 2,2.18.1,Power,3,False,2.18,Statement 2,2025-03-21,692159.941731,
2026-01-30,Statement 2,2.18.1,Power,3,False,2.18,Statement 2,2025-12-31,782253.053011,
2026-02-27,Statement 2,2.18.1,Power,3,False,2.18,Statement 2,2026-01-31,789192.782564,
2026-03-30,Statement 2,2.18.1,Power,3,False,2.18,Statement 2,2026-02-28,811926.503777,
2026-01-30,Statement 2,2.18.2,Telecommunications,3,False,2.18,Statement 2,2023-12-29,145499.716762,
2026-02-27,Statement 2,2.18.2,Telecommunications,3,False,2.18,Statement 2,2024-01-26,141862.076508,
2026-03-30,Statement 2,2.18.2,Telecommunications,3,False,2.18,Statement 2,2024-02-23,132880.023298,
2026-03-30,Statement 2,2.18.2,Telecommunications,3,False,2.18,Statement 2,2024-03-22,143097.509709,
2026-01-30,Statement 2,2.18.2,Telecommunications,3,False,2.18,Statement 2,2024-12-27,129504.845926,
2026-02-27,Statement 2,2.18.2,Telecommunications,3,False,2.18,Statement 2,2025-01-24,127902.751133,
2026-03-30,Statement 2,2.18.2,Telecommunications,3,False,2.18,Statement 2,2025-02-21,120294.454507,
2026-03-30,Statement 2,2.18.2,Telecommunications,3,False,2.18,Statement 2,2025-03-21,123849.801843,
2026-01-30,Statement 2,2.18.2,Telecommunications,3,False,2.18,Statement 2,2025-12-31,111962.963232,
2026-02-27,Statement 2,2.18.2,Telecommunications,3,False,2.18,Statement 2,2026-01-31,105860.485016,
2026-03-30,Statement 2,2.18.2,Telecommunications,3,False,2.18,Statement 2,2026-02-28,104935.405042,
2026-01-30,Statement 2,2.18.3,Roads,3,False,2.18,Statement 2,2023-12-29,324225.228154,
2026-02-27,Statement 2,2.18.3,Roads,3,False,2.18,Statement 2,2024-01-26,323574.00018,
2026-03-30,Statement 2,2.18.3,Roads,3,False,2.18,Statement 2,2024-02-23,324032.023975,
2026-03-30,Statement 2,2.18.3,Roads,3,False,2.18,Statement 2,2024-03-22,324255.726605,
2026-01-30,Statement 2,2.18.3,Roads,3,False,2.18,Statement 2,2024-12-27,341683.43158,
2026-02-27,Statement 2,2.18.3,Roads,3,False,2.18,Statement 2,2025-01-24,330935.948811,
2026-03-30,Statement 2,2.18.3,Roads,3,False,2.18,Statement 2,2025-02-21,334566.189575,
2026-03-30,Statement 2,2.18.3,Roads,3,False,2.18,Statement 2,2025-03-21,334146.511227,
2026-01-30,Statement 2,2.18.3,Roads,3,False,2.18,Statement 2,2025-12-31,343718.347114,
2026-02-27,Statement 2,2.18.3,Roads,3,False,2.18,Statement 2,2026-01-31,331484.676834,
2026-03-30,Statement 2,2.18.3,Roads,3,False,2.18,Statement 2,2026-02-28,326875.434172,
2026-01-30,Statement 2,2.18.4,Airports,3,False,2.18,Statement 2,2023-12-29,7183.891712,
2026-02-27,Statement 2,2.18.4,Airports,3,False,2.18,Statement 2,2024-01-26,6887.787124,
2026-03-30,Statement 2,2.18.4,Airports,3,False,2.18,Statement 2,2024-02-23,7383.62,
2026-03-30,Statement 2,2.18.4,Airports,3,False,2.18,Statement 2,2024-03-22,7280.23,
2026-01-30,Statement 2,2.18.4,Airports,3,False,2.18,Statement 2,2024-12-27,8732.79,
2026-02-27,Statement 2,2.18.4,Airports,3,False,2.18,Statement 2,2025-01-24,8681.79,
2026-03-30,Statement 2,2.18.4,Airports,3,False,2.18,Statement 2,2025-02-21,8799.26,
2026-03-30,Statement 2,2.18.4,Airports,3,False,2.18,Statement 2,2025-03-21,9155.73,
2026-01-30,Statement 2,2.18.4,Airports,3,False,2.18,Statement 2,2025-12-31,6425.97,
2026-02-27,Statement 2,2.18.4,Airports,3,False,2.18,Statement 2,2026-01-31,6419.16,
2026-03-30,Statement 2,2.18.4,Airports,3,False,2.18,Statement 2,2026-02-28,6576.94,
2026-01-30,Statement 2,2.18.5,Ports,3,False,2.18,Statement 2,2023-12-29,6891.140388,
2026-02-27,Statement 2,2.18.5,Ports,3,False,2.18,Statement 2,2024-01-26,7170.995508,
2026-03-30,Statement 2,2.18.5,Ports,3,False,2.18,Statement 2,2024-02-23,7837.95,
2026-03-30,Statement 2,2.18.5,Ports,3,False,2.18,Statement 2,2024-03-22,6680.97,
2026-01-30,Statement 2,2.18.5,Ports,3,False,2.18,Statement 2,2024-12-27,6282.2,
2026-02-27,Statement 2,2.18.5,Ports,3,False,2.18,Statement 2,2025-01-24,5464.52,
2026-03-30,Statement 2,2.18.5,Ports,3,False,2.18,Statement 2,2025-02-21,5878.77,
2026-03-30,Statement 2,2.18.5,Ports,3,False,2.18,Statement 2,2025-03-21,5915.78,
2026-01-30,Statement 2,2.18.5,Ports,3,False,2.18,Statement 2,2025-12-31,8185.51,
2026-02-27,Statement 2,2.18.5,Ports,3,False,2.18,Statement 2,2026-01-31,8156.1,
2026-03-30,Statement 2,2.18.5,Ports,3,False,2.18,Statement 2,2026-02-28,9124.38,
2026-01-30,Statement 2,2.18.6,Railways (other than Indian Railways),3,False,2.18,Statement 2,2023-12-29,11438.687177,
2026-02-27,Statement 2,2.18.6,Railways (other than Indian Railways),3,False,2.18,Statement 2,2024-01-26,11986.173207,
2026-03-30,Statement 2,2.18.6,Railways (other than Indian Railways),3,False,2.18,Statement 2,2024-02-23,12060.693507,
2026-03-30,Statement 2,2.18.6,Railways (other than Indian Railways),3,False,2.18,Statement 2,2024-03-22,12961.351059,
2026-01-30,Statement 2,2.18.6,Railways (other than Indian Railways),3,False,2.18,Statement 2,2024-12-27,13158.17495,
2026-02-27,Statement 2,2.18.6,Railways (other than Indian Railways),3,False,2.18,Statement 2,2025-01-24,13148.362213,
2026-03-30,Statement 2,2.18.6,Railways (other than Indian Railways),3,False,2.18,Statement 2,2025-02-21,13131.789476,
2026-03-30,Statement 2,2.18.6,Railways (other than Indian Railways),3,False,2.18,Statement 2,2025-03-21,13414.976677,
2026-01-30,Statement 2,2.18.6,Railways (other than Indian Railways),3,False,2.18,Statement 2,2025-12-31,10101.847782,
2026-02-27,Statement 2,2.18.6,Railways (other than Indian Railways),3,False,2.18,Statement 2,2026-01-31,9963.764774,
2026-03-30,Statement 2,2.18.6,Railways (other than Indian Railways),3,False,2.18,Statement 2,2026-02-28,7107.16172,
2026-01-30,Statement 2,2.18.7,Other Infrastructure,3,False,2.18,Statement 2,2023-12-29,177620.485112,
2026-02-27,Statement 2,2.18.7,Other Infrastructure,3,False,2.18,Statement 2,2024-01-26,176918.37956,
2026-03-30,Statement 2,2.18.7,Other Infrastructure,3,False,2.18,Statement 2,2024-02-23,178720.001214,
2026-03-30,Statement 2,2.18.7,Other Infrastructure,3,False,2.18,Statement 2,2024-03-22,181384.730927,
2026-01-30,Statement 2,2.18.7,Other Infrastructure,3,False,2.18,Statement 2,2024-12-27,183968.517761,
2026-02-27,Statement 2,2.18.7,Other Infrastructure,3,False,2.18,Statement 2,2025-01-24,183122.176567,
2026-03-30,Statement 2,2.18.7,Other Infrastructure,3,False,2.18,Statement 2,2025-02-21,186181.853278,
2026-03-30,Statement 2,2.18.7,Other Infrastructure,3,False,2.18,Statement 2,2025-03-21,185725.976945,
2026-01-30,Statement 2,2.18.7,Other Infrastructure,3,False,2.18,Statement 2,2025-12-31,179809.648149,
2026-02-27,Statement 2,2.18.7,Other Infrastructure,3,False,2.18,Statement 2,2026-01-31,175719.002219,
2026-03-30,Statement 2,2.18.7,Other Infrastructure,3,False,2.18,Statement 2,2026-02-28,176998.156715,
2026-01-30,Statement 2,2.19,Other Industries,2,False,2,Statement 1,2023-12-29,242199.646352,
2026-02-27,Statement 2,2.19,Other Industries,2,False,2,Statement 1,2024-01-26,249850.930416,
2026-03-30,Statement 2,2.19,Other Industries,2,False,2,Statement 1,2024-02-23,251511.796831,
2026-03-30,Statement 2,2.19,Other Industries,2,False,2,Statement 1,2024-03-22,256370.638667,
2026-01-30,Statement 2,2.19,Other Industries,2,False,2,Statement 1,2024-12-27,303756.208797,
2026-02-27,Statement 2,2.19,Other Industries,2,False,2,Statement 1,2025-01-24,297546.986762,
2026-03-30,Statement 2,2.19,Other Industries,2,False,2,Statement 1,2025-02-21,293789.225224,
2026-03-30,Statement 2,2.19,Other Industries,2,False,2,Statement 1,2025-03-21,300921.291372,
2026-01-30,Statement 2,2.19,Other Industries,2,False,2,Statement 1,2025-12-31,341877.787882,
2026-02-27,Statement 2,2.19,Other Industries,2,False,2,Statement 1,2026-01-31,328026.54135,
2026-03-30,Statement 2,2.19,Other Industries,2,False,2,Statement 1,2026-02-28,334937.118377,
2026-01-30,Statement 2,2.2,Food Processing,2,False,2,Statement 1,2023-12-29,191448.221037,
2026-02-27,Statement 2,2.2,Food Processing,2,False,2,Statement 1,2024-01-26,195761.803428,
2026-03-30,Statement 2,2.2,Food Processing,2,False,2,Statement 1,2024-02-23,200448.453457,
2026-03-30,Statement 2,2.2,Food Processing,2,False,2,Statement 1,2024-03-22,208862.771555,
2026-01-30,Statement 2,2.2,Food Processing,2,False,2,Statement 1,2024-12-27,211984.872981,
2026-02-27,Statement 2,2.2,Food Processing,2,False,2,Statement 1,2025-01-24,217361.174876,
2026-03-30,Statement 2,2.2,Food Processing,2,False,2,Statement 1,2025-02-21,219091.251093,
2026-03-30,Statement 2,2.2,Food Processing,2,False,2,Statement 1,2025-03-21,219524.798106,
2026-01-30,Statement 2,2.2,Food Processing,2,False,2,Statement 1,2025-12-31,236769.514999,
2026-02-27,Statement 2,2.2,Food Processing,2,False,2,Statement 1,2026-01-31,238126.44842,
2026-03-30,Statement 2,2.2,Food Processing,2,False,2,Statement 1,2026-02-28,241445.19385,
2026-01-30,Statement 2,2.2.1,Sugar,3,False,2.2,Statement 2,2023-12-29,16773.33012,
2026-02-27,Statement 2,2.2.1,Sugar,3,False,2.2,Statement 2,2024-01-26,19920.468176,
2026-03-30,Statement 2,2.2.1,Sugar,3,False,2.2,Statement 2,2024-02-23,23836.75037,
2026-03-30,Statement 2,2.2.1,Sugar,3,False,2.2,Statement 2,2024-03-22,26383.011251,
2026-01-30,Statement 2,2.2.1,Sugar,3,False,2.2,Statement 2,2024-12-27,19889.357612,
2026-02-27,Statement 2,2.2.1,Sugar,3,False,2.2,Statement 2,2025-01-24,23146.467795,
2026-03-30,Statement 2,2.2.1,Sugar,3,False,2.2,Statement 2,2025-02-21,26872.434431,
2026-03-30,Statement 2,2.2.1,Sugar,3,False,2.2,Statement 2,2025-03-21,28521.702093,
2026-01-30,Statement 2,2.2.1,Sugar,3,False,2.2,Statement 2,2025-12-31,20369.483407,
2026-02-27,Statement 2,2.2.1,Sugar,3,False,2.2,Statement 2,2026-01-31,24554.266811,
2026-03-30,Statement 2,2.2.1,Sugar,3,False,2.2,Statement 2,2026-02-28,28559.781537,
2026-01-30,Statement 2,2.2.2,Edible Oils and Vanaspati,3,False,2.2,Statement 2,2023-12-29,21411.22452,
2026-02-27,Statement 2,2.2.2,Edible Oils and Vanaspati,3,False,2.2,Statement 2,2024-01-26,19801.758828,
2026-03-30,Statement 2,2.2.2,Edible Oils and Vanaspati,3,False,2.2,Statement 2,2024-02-23,18758.971711,
2026-03-30,Statement 2,2.2.2,Edible Oils and Vanaspati,3,False,2.2,Statement 2,2024-03-22,19700.216132,
2026-01-30,Statement 2,2.2.2,Edible Oils and Vanaspati,3,False,2.2,Statement 2,2024-12-27,21798.419425,
2026-02-27,Statement 2,2.2.2,Edible Oils and Vanaspati,3,False,2.2,Statement 2,2025-01-24,21313.701212,
2026-03-30,Statement 2,2.2.2,Edible Oils and Vanaspati,3,False,2.2,Statement 2,2025-02-21,21082.048473,
2026-03-30,Statement 2,2.2.2,Edible Oils and Vanaspati,3,False,2.2,Statement 2,2025-03-21,20927.253641,
2026-01-30,Statement 2,2.2.2,Edible Oils and Vanaspati,3,False,2.2,Statement 2,2025-12-31,24850.03942,
2026-02-27,Statement 2,2.2.2,Edible Oils and Vanaspati,3,False,2.2,Statement 2,2026-01-31,23812.399156,
2026-03-30,Statement 2,2.2.2,Edible Oils and Vanaspati,3,False,2.2,Statement 2,2026-02-28,23423.980624,
2026-01-30,Statement 2,2.2.3,Tea,3,False,2.2,Statement 2,2023-12-29,5951.700404,
2026-02-27,Statement 2,2.2.3,Tea,3,False,2.2,Statement 2,2024-01-26,5966.977264,
2026-03-30,Statement 2,2.2.3,Tea,3,False,2.2,Statement 2,2024-02-23,5660.414133,
2026-03-30,Statement 2,2.2.3,Tea,3,False,2.2,Statement 2,2024-03-22,5691.947888,
2026-01-30,Statement 2,2.2.3,Tea,3,False,2.2,Statement 2,2024-12-27,6469.750964,
2026-02-27,Statement 2,2.2.3,Tea,3,False,2.2,Statement 2,2025-01-24,6116.041244,
2026-03-30,Statement 2,2.2.3,Tea,3,False,2.2,Statement 2,2025-02-21,6069.354315,
2026-03-30,Statement 2,2.2.3,Tea,3,False,2.2,Statement 2,2025-03-21,5083.83262,
2026-01-30,Statement 2,2.2.3,Tea,3,False,2.2,Statement 2,2025-12-31,5296.050505,
2026-02-27,Statement 2,2.2.3,Tea,3,False,2.2,Statement 2,2026-01-31,5076.90388,
2026-03-30,Statement 2,2.2.3,Tea,3,False,2.2,Statement 2,2026-02-28,4880.000429,
2026-01-30,Statement 2,2.2.4,Others,3,False,2.2,Statement 2,2023-12-29,147311.965994,
2026-02-27,Statement 2,2.2.4,Others,3,False,2.2,Statement 2,2024-01-26,150072.59916,
2026-03-30,Statement 2,2.2.4,Others,3,False,2.2,Statement 2,2024-02-23,152192.317243,
2026-03-30,Statement 2,2.2.4,Others,3,False,2.2,Statement 2,2024-03-22,157087.596283,
2026-01-30,Statement 2,2.2.4,Others,3,False,2.2,Statement 2,2024-12-27,163827.344979,
2026-02-27,Statement 2,2.2.4,Others,3,False,2.2,Statement 2,2025-01-24,166784.964626,
2026-03-30,Statement 2,2.2.4,Others,3,False,2.2,Statement 2,2025-02-21,165067.413874,
2026-03-30,Statement 2,2.2.4,Others,3,False,2.2,Statement 2,2025-03-21,164992.009752,
2026-01-30,Statement 2,2.2.4,Others,3,False,2.2,Statement 2,2025-12-31,186253.941666,
2026-02-27,Statement 2,2.2.4,Others,3,False,2.2,Statement 2,2026-01-31,184682.878573,
2026-03-30,Statement 2,2.2.4,Others,3,False,2.2,Statement 2,2026-02-28,184581.43126,
2026-01-30,Statement 2,2.3,Beverage and Tobacco,2,False,2,Statement 1,2023-12-29,28296.718144,
2026-02-27,Statement 2,2.3,Beverage and Tobacco,2,False,2,Statement 1,2024-01-26,28625.410162,
2026-03-30,Statement 2,2.3,Beverage and Tobacco,2,False,2,Statement 1,2024-02-23,29929.763275,
2026-03-30,Statement 2,2.3,Beverage and Tobacco,2,False,2,Statement 1,2024-03-22,31137.471103,
2026-01-30,Statement 2,2.3,Beverage and Tobacco,2,False,2,Statement 1,2024-12-27,30670.671585,
2026-02-27,Statement 2,2.3,Beverage and Tobacco,2,False,2,Statement 1,2025-01-24,30469.511933,
2026-03-30,Statement 2,2.3,Beverage and Tobacco,2,False,2,Statement 1,2025-02-21,31296.705352,
2026-03-30,Statement 2,2.3,Beverage and Tobacco,2,False,2,Statement 1,2025-03-21,35515.454614,
2026-01-30,Statement 2,2.3,Beverage and Tobacco,2,False,2,Statement 1,2025-12-31,37449.940906,
2026-02-27,Statement 2,2.3,Beverage and Tobacco,2,False,2,Statement 1,2026-01-31,37883.952084,
2026-03-30,Statement 2,2.3,Beverage and Tobacco,2,False,2,Statement 1,2026-02-28,39190.286508,
2026-01-30,Statement 2,2.4,Textiles,2,False,2,Statement 1,2023-12-29,250039.908722,
2026-02-27,Statement 2,2.4,Textiles,2,False,2,Statement 1,2024-01-26,252976.04545,
2026-03-30,Statement 2,2.4,Textiles,2,False,2,Statement 1,2024-02-23,255689.623879,
2026-03-30,Statement 2,2.4,Textiles,2,False,2,Statement 1,2024-03-22,256047.983577,
2026-01-30,Statement 2,2.4,Textiles,2,False,2,Statement 1,2024-12-27,264055.644259,
2026-02-27,Statement 2,2.4,Textiles,2,False,2,Statement 1,2025-01-24,267676.176248,
2026-03-30,Statement 2,2.4,Textiles,2,False,2,Statement 1,2025-02-21,273762.910766,
2026-03-30,Statement 2,2.4,Textiles,2,False,2,Statement 1,2025-03-21,277267.085246,
2026-01-30,Statement 2,2.4,Textiles,2,False,2,Statement 1,2025-12-31,295290.932592,
2026-02-27,Statement 2,2.4,Textiles,2,False,2,Statement 1,2026-01-31,294364.506091,
2026-03-30,Statement 2,2.4,Textiles,2,False,2,Statement 1,2026-02-28,296135.942328,
2026-01-30,Statement 2,2.4.1,Cotton Textiles,3,False,2.4,Statement 2,2023-12-29,96095.302508,
2026-02-27,Statement 2,2.4.1,Cotton Textiles,3,False,2.4,Statement 2,2024-01-26,97148.047631,
2026-03-30,Statement 2,2.4.1,Cotton Textiles,3,False,2.4,Statement 2,2024-02-23,99234.096087,
2026-03-30,Statement 2,2.4.1,Cotton Textiles,3,False,2.4,Statement 2,2024-03-22,99513.087082,
2026-01-30,Statement 2,2.4.1,Cotton Textiles,3,False,2.4,Statement 2,2024-12-27,98417.450311,
2026-02-27,Statement 2,2.4.1,Cotton Textiles,3,False,2.4,Statement 2,2025-01-24,101533.071827,
2026-03-30,Statement 2,2.4.1,Cotton Textiles,3,False,2.4,Statement 2,2025-02-21,106389.364956,
2026-03-30,Statement 2,2.4.1,Cotton Textiles,3,False,2.4,Statement 2,2025-03-21,107494.595816,
2026-01-30,Statement 2,2.4.1,Cotton Textiles,3,False,2.4,Statement 2,2025-12-31,108972.184793,
2026-02-27,Statement 2,2.4.1,Cotton Textiles,3,False,2.4,Statement 2,2026-01-31,107781.985767,
2026-03-30,Statement 2,2.4.1,Cotton Textiles,3,False,2.4,Statement 2,2026-02-28,108696.212538,
2026-01-30,Statement 2,2.4.2,Jute Textiles,3,False,2.4,Statement 2,2023-12-29,4187.414484,
2026-02-27,Statement 2,2.4.2,Jute Textiles,3,False,2.4,Statement 2,2024-01-26,4233.159821,
2026-03-30,Statement 2,2.4.2,Jute Textiles,3,False,2.4,Statement 2,2024-02-23,4275.035306,
2026-03-30,Statement 2,2.4.2,Jute Textiles,3,False,2.4,Statement 2,2024-03-22,4279.559436,
2026-01-30,Statement 2,2.4.2,Jute Textiles,3,False,2.4,Statement 2,2024-12-27,4340.162807,
2026-02-27,Statement 2,2.4.2,Jute Textiles,3,False,2.4,Statement 2,2025-01-24,4327.66976,
2026-03-30,Statement 2,2.4.2,Jute Textiles,3,False,2.4,Statement 2,2025-02-21,4330.110652,
2026-03-30,Statement 2,2.4.2,Jute Textiles,3,False,2.4,Statement 2,2025-03-21,4288.234703,
2026-01-30,Statement 2,2.4.2,Jute Textiles,3,False,2.4,Statement 2,2025-12-31,4967.240363,
2026-02-27,Statement 2,2.4.2,Jute Textiles,3,False,2.4,Statement 2,2026-01-31,4898.992147,
2026-03-30,Statement 2,2.4.2,Jute Textiles,3,False,2.4,Statement 2,2026-02-28,4979.634301,
2026-01-30,Statement 2,2.4.3,Man-Made Textiles,3,False,2.4,Statement 2,2023-12-29,45326.936415,
2026-02-27,Statement 2,2.4.3,Man-Made Textiles,3,False,2.4,Statement 2,2024-01-26,45844.931437,
2026-03-30,Statement 2,2.4.3,Man-Made Textiles,3,False,2.4,Statement 2,2024-02-23,46052.51039,
2026-03-30,Statement 2,2.4.3,Man-Made Textiles,3,False,2.4,Statement 2,2024-03-22,45074.468407,
2026-01-30,Statement 2,2.4.3,Man-Made Textiles,3,False,2.4,Statement 2,2024-12-27,48666.982085,
2026-02-27,Statement 2,2.4.3,Man-Made Textiles,3,False,2.4,Statement 2,2025-01-24,49425.110021,
2026-03-30,Statement 2,2.4.3,Man-Made Textiles,3,False,2.4,Statement 2,2025-02-21,49157.683906,
2026-03-30,Statement 2,2.4.3,Man-Made Textiles,3,False,2.4,Statement 2,2025-03-21,49186.259419,
2026-01-30,Statement 2,2.4.3,Man-Made Textiles,3,False,2.4,Statement 2,2025-12-31,51060.19518,
2026-02-27,Statement 2,2.4.3,Man-Made Textiles,3,False,2.4,Statement 2,2026-01-31,51493.404113,
2026-03-30,Statement 2,2.4.3,Man-Made Textiles,3,False,2.4,Statement 2,2026-02-28,51246.016488,
2026-01-30,Statement 2,2.4.4,Other Textiles,3,False,2.4,Statement 2,2023-12-29,104430.255313,
2026-02-27,Statement 2,2.4.4,Other Textiles,3,False,2.4,Statement 2,2024-01-26,105749.906561,
2026-03-30,Statement 2,2.4.4,Other Textiles,3,False,2.4,Statement 2,2024-02-23,106127.982095,
2026-03-30,Statement 2,2.4.4,Other Textiles,3,False,2.4,Statement 2,2024-03-22,107180.868652,
2026-01-30,Statement 2,2.4.4,Other Textiles,3,False,2.4,Statement 2,2024-12-27,112631.049056,
2026-02-27,Statement 2,2.4.4,Other Textiles,3,False,2.4,Statement 2,2025-01-24,112390.324641,
2026-03-30,Statement 2,2.4.4,Other Textiles,3,False,2.4,Statement 2,2025-02-21,113885.751252,
2026-03-30,Statement 2,2.4.4,Other Textiles,3,False,2.4,Statement 2,2025-03-21,116297.995308,
2026-01-30,Statement 2,2.4.4,Other Textiles,3,False,2.4,Statement 2,2025-12-31,130291.312256,
2026-02-27,Statement 2,2.4.4,Other Textiles,3,False,2.4,Statement 2,2026-01-31,130190.124063,
2026-03-30,Statement 2,2.4.4,Other Textiles,3,False,2.4,Statement 2,2026-02-28,131214.079001,
2026-01-30,Statement 2,2.5,Leather and Leather Products,2,False,2,Statement 1,2023-12-29,12130.812768,
2026-02-27,Statement 2,2.5,Leather and Leather Products,2,False,2,Statement 1,2024-01-26,12134.488974,
2026-03-30,Statement 2,2.5,Leather and Leather Products,2,False,2,Statement 1,2024-02-23,12327.443655,
2026-03-30,Statement 2,2.5,Leather and Leather Products,2,False,2,Statement 1,2024-03-22,12587.81048,
2026-01-30,Statement 2,2.5,Leather and Leather Products,2,False,2,Statement 1,2024-12-27,12804.165584,
2026-02-27,Statement 2,2.5,Leather and Leather Products,2,False,2,Statement 1,2025-01-24,12711.547336,
2026-03-30,Statement 2,2.5,Leather and Leather Products,2,False,2,Statement 1,2025-02-21,12981.926525,
2026-03-30,Statement 2,2.5,Leather and Leather Products,2,False,2,Statement 1,2025-03-21,12979.843088,
2026-01-30,Statement 2,2.5,Leather and Leather Products,2,False,2,Statement 1,2025-12-31,13717.481536,
2026-02-27,Statement 2,2.5,Leather and Leather Products,2,False,2,Statement 1,2026-01-31,13791.905534,
2026-03-30,Statement 2,2.5,Leather and Leather Products,2,False,2,Statement 1,2026-02-28,13834.829997,
2026-01-30,Statement 2,2.6,Wood and Wood Products,2,False,2,Statement 1,2023-12-29,23384.089826,
2026-02-27,Statement 2,2.6,Wood and Wood Products,2,False,2,Statement 1,2024-01-26,23748.11129,
2026-03-30,Statement 2,2.6,Wood and Wood Products,2,False,2,Statement 1,2024-02-23,23668.4667,
2026-03-30,Statement 2,2.6,Wood and Wood Products,2,False,2,Statement 1,2024-03-22,23838.814976,
2026-01-30,Statement 2,2.6,Wood and Wood Products,2,False,2,Statement 1,2024-12-27,26601.205325,
2026-02-27,Statement 2,2.6,Wood and Wood Products,2,False,2,Statement 1,2025-01-24,26894.668503,
2026-03-30,Statement 2,2.6,Wood and Wood Products,2,False,2,Statement 1,2025-02-21,27293.130911,
2026-03-30,Statement 2,2.6,Wood and Wood Products,2,False,2,Statement 1,2025-03-21,27825.967375,
2026-01-30,Statement 2,2.6,Wood and Wood Products,2,False,2,Statement 1,2025-12-31,30312.460447,
2026-02-27,Statement 2,2.6,Wood and Wood Products,2,False,2,Statement 1,2026-01-31,30571.268696,
2026-03-30,Statement 2,2.6,Wood and Wood Products,2,False,2,Statement 1,2026-02-28,30675.626429,
2026-01-30,Statement 2,2.7,Paper and Paper Products,2,False,2,Statement 1,2023-12-29,45499.315347,
2026-02-27,Statement 2,2.7,Paper and Paper Products,2,False,2,Statement 1,2024-01-26,45875.097263,
2026-03-30,Statement 2,2.7,Paper and Paper Products,2,False,2,Statement 1,2024-02-23,46404.862226,
2026-03-30,Statement 2,2.7,Paper and Paper Products,2,False,2,Statement 1,2024-03-22,46426.057126,
2026-01-30,Statement 2,2.7,Paper and Paper Products,2,False,2,Statement 1,2024-12-27,51507.728766,
2026-02-27,Statement 2,2.7,Paper and Paper Products,2,False,2,Statement 1,2025-01-24,51884.567705,
2026-03-30,Statement 2,2.7,Paper and Paper Products,2,False,2,Statement 1,2025-02-21,51944.345339,
2026-03-30,Statement 2,2.7,Paper and Paper Products,2,False,2,Statement 1,2025-03-21,52847.593915,
2026-01-30,Statement 2,2.7,Paper and Paper Products,2,False,2,Statement 1,2025-12-31,57587.063252,
2026-02-27,Statement 2,2.7,Paper and Paper Products,2,False,2,Statement 1,2026-01-31,58103.903057,
2026-03-30,Statement 2,2.7,Paper and Paper Products,2,False,2,Statement 1,2026-02-28,57993.113096,
2026-01-30,Statement 2,2.8,"Petroleum, Coal Products and Nuclear Fuels",2,False,2,Statement 1,2023-12-29,131320.147964,
2026-02-27,Statement 2,2.8,"Petroleum, Coal Products and Nuclear Fuels",2,False,2,Statement 1,2024-01-26,129735.253465,
2026-03-30,Statement 2,2.8,"Petroleum, Coal Products and Nuclear Fuels",2,False,2,Statement 1,2024-02-23,135817.575286,
2026-03-30,Statement 2,2.8,"Petroleum, Coal Products and Nuclear Fuels",2,False,2,Statement 1,2024-03-22,132356.302438,
2026-01-30,Statement 2,2.8,"Petroleum, Coal Products and Nuclear Fuels",2,False,2,Statement 1,2024-12-27,139840.446812,
2026-02-27,Statement 2,2.8,"Petroleum, Coal Products and Nuclear Fuels",2,False,2,Statement 1,2025-01-24,154401.668072,
2026-03-30,Statement 2,2.8,"Petroleum, Coal Products and Nuclear Fuels",2,False,2,Statement 1,2025-02-21,154425.025174,
2026-03-30,Statement 2,2.8,"Petroleum, Coal Products and Nuclear Fuels",2,False,2,Statement 1,2025-03-21,154178.5291,
2026-01-30,Statement 2,2.8,"Petroleum, Coal Products and Nuclear Fuels",2,False,2,Statement 1,2025-12-31,194376.266551,
2026-02-27,Statement 2,2.8,"Petroleum, Coal Products and Nuclear Fuels",2,False,2,Statement 1,2026-01-31,176716.243694,
2026-03-30,Statement 2,2.8,"Petroleum, Coal Products and Nuclear Fuels",2,False,2,Statement 1,2026-02-28,185430.724052,
2026-01-30,Statement 2,2.9,Chemicals and Chemical Products,2,False,2,Statement 1,2023-12-29,246362.78687,
2026-02-27,Statement 2,2.9,Chemicals and Chemical Products,2,False,2,Statement 1,2024-01-26,242309.535025,
2026-03-30,Statement 2,2.9,Chemicals and Chemical Products,2,False,2,Statement 1,2024-02-23,246408.305752,
2026-03-30,Statement 2,2.9,Chemicals and Chemical Products,2,False,2,Statement 1,2024-03-22,249347.615963,
2026-01-30,Statement 2,2.9,Chemicals and Chemical Products,2,False,2,Statement 1,2024-12-27,263645.364354,
2026-02-27,Statement 2,2.9,Chemicals and Chemical Products,2,False,2,Statement 1,2025-01-24,265384.23715,
2026-03-30,Statement 2,2.9,Chemicals and Chemical Products,2,False,2,Statement 1,2025-02-21,263172.621913,
2026-03-30,Statement 2,2.9,Chemicals and Chemical Products,2,False,2,Statement 1,2025-03-21,267814.870041,
2026-01-30,Statement 2,2.9,Chemicals and Chemical Products,2,False,2,Statement 1,2025-12-31,302681.532541,
2026-02-27,Statement 2,2.9,Chemicals and Chemical Products,2,False,2,Statement 1,2026-01-31,305421.198099,
2026-03-30,Statement 2,2.9,Chemicals and Chemical Products,2,False,2,Statement 1,2026-02-28,313413.219347,
2026-01-30,Statement 2,2.9.1,Fertiliser,3,False,2.9,Statement 2,2023-12-29,36025.631492,
2026-02-27,Statement 2,2.9.1,Fertiliser,3,False,2.9,Statement 2,2024-01-26,33976.594011,
2026-03-30,Statement 2,2.9.1,Fertiliser,3,False,2.9,Statement 2,2024-02-23,36365.781713,
2026-03-30,Statement 2,2.9.1,Fertiliser,3,False,2.9,Statement 2,2024-03-22,37569.368771,
2026-01-30,Statement 2,2.9.1,Fertiliser,3,False,2.9,Statement 2,2024-12-27,31828.66992,
2026-02-27,Statement 2,2.9.1,Fertiliser,3,False,2.9,Statement 2,2025-01-24,31243.797284,
2026-03-30,Statement 2,2.9.1,Fertiliser,3,False,2.9,Statement 2,2025-02-21,30528.856909,
2026-03-30,Statement 2,2.9.1,Fertiliser,3,False,2.9,Statement 2,2025-03-21,32011.209754,
2026-01-30,Statement 2,2.9.1,Fertiliser,3,False,2.9,Statement 2,2025-12-31,34473.150021,
2026-02-27,Statement 2,2.9.1,Fertiliser,3,False,2.9,Statement 2,2026-01-31,34975.963458,
2026-03-30,Statement 2,2.9.1,Fertiliser,3,False,2.9,Statement 2,2026-02-28,39432.163151,
2026-01-30,Statement 2,2.9.2,Drugs and Pharmaceuticals,3,False,2.9,Statement 2,2023-12-29,80079.193899,
2026-02-27,Statement 2,2.9.2,Drugs and Pharmaceuticals,3,False,2.9,Statement 2,2024-01-26,79458.967435,
2026-03-30,Statement 2,2.9.2,Drugs and Pharmaceuticals,3,False,2.9,Statement 2,2024-02-23,80563.666188,
2026-03-30,Statement 2,2.9.2,Drugs and Pharmaceuticals,3,False,2.9,Statement 2,2024-03-22,80832.235579,
2026-01-30,Statement 2,2.9.2,Drugs and Pharmaceuticals,3,False,2.9,Statement 2,2024-12-27,87820.82797,
2026-02-27,Statement 2,2.9.2,Drugs and Pharmaceuticals,3,False,2.9,Statement 2,2025-01-24,87795.367346,
2026-03-30,Statement 2,2.9.2,Drugs and Pharmaceuticals,3,False,2.9,Statement 2,2025-02-21,88726.528168,
2026-03-30,Statement 2,2.9.2,Drugs and Pharmaceuticals,3,False,2.9,Statement 2,2025-03-21,88524.293888,
2026-01-30,Statement 2,2.9.2,Drugs and Pharmaceuticals,3,False,2.9,Statement 2,2025-12-31,95547.900813,
2026-02-27,Statement 2,2.9.2,Drugs and Pharmaceuticals,3,False,2.9,Statement 2,2026-01-31,96762.018003,
2026-03-30,Statement 2,2.9.2,Drugs and Pharmaceuticals,3,False,2.9,Statement 2,2026-02-28,98752.881628,
2026-01-30,Statement 2,2.9.3,Petro Chemicals,3,False,2.9,Statement 2,2023-12-29,25270.270614,
2026-02-27,Statement 2,2.9.3,Petro Chemicals,3,False,2.9,Statement 2,2024-01-26,25156.35059,
2026-03-30,Statement 2,2.9.3,Petro Chemicals,3,False,2.9,Statement 2,2024-02-23,25432.785133,
2026-03-30,Statement 2,2.9.3,Petro Chemicals,3,False,2.9,Statement 2,2024-03-22,25318.154272,
2026-01-30,Statement 2,2.9.3,Petro Chemicals,3,False,2.9,Statement 2,2024-12-27,27836.103257,
2026-02-27,Statement 2,2.9.3,Petro Chemicals,3,False,2.9,Statement 2,2025-01-24,29702.083891,
2026-03-30,Statement 2,2.9.3,Petro Chemicals,3,False,2.9,Statement 2,2025-02-21,27615.395707,
2026-03-30,Statement 2,2.9.3,Petro Chemicals,3,False,2.9,Statement 2,2025-03-21,28797.461456,
2026-01-30,Statement 2,2.9.3,Petro Chemicals,3,False,2.9,Statement 2,2025-12-31,36059.47481,
2026-02-27,Statement 2,2.9.3,Petro Chemicals,3,False,2.9,Statement 2,2026-01-31,38230.663498,
2026-03-30,Statement 2,2.9.3,Petro Chemicals,3,False,2.9,Statement 2,2026-02-28,37301.156445,
2026-01-30,Statement 2,2.9.4,Others,3,False,2.9,Statement 2,2023-12-29,104987.690866,
2026-02-27,Statement 2,2.9.4,Others,3,False,2.9,Statement 2,2024-01-26,103717.622989,
2026-03-30,Statement 2,2.9.4,Others,3,False,2.9,Statement 2,2024-02-23,104046.072719,
2026-03-30,Statement 2,2.9.4,Others,3,False,2.9,Statement 2,2024-03-22,105627.857342,
2026-01-30,Statement 2,2.9.4,Others,3,False,2.9,Statement 2,2024-12-27,116159.763206,
2026-02-27,Statement 2,2.9.4,Others,3,False,2.9,Statement 2,2025-01-24,116642.988627,
2026-03-30,Statement 2,2.9.4,Others,3,False,2.9,Statement 2,2025-02-21,116301.84113,
2026-03-30,Statement 2,2.9.4,Others,3,False,2.9,Statement 2,2025-03-21,118481.904944,
2026-01-30,Statement 2,2.9.4,Others,3,False,2.9,Statement 2,2025-12-31,136601.006897,
2026-02-27,Statement 2,2.9.4,Others,3,False,2.9,Statement 2,2026-01-31,135452.553139,
2026-03-30,Statement 2,2.9.4,Others,3,False,2.9,Statement 2,2026-02-28,137927.018123,
2026-01-30,Statement 2,,Industries (2.1 to 2.19),-1,False,,,2023-12-29,3622549.688427,
2026-02-27,Statement 2,,Industries (2.1 to 2.19),-1,False,,,2024-01-26,3614409.354535,
2026-03-30,Statement 2,,Industries (2.1 to 2.19),-1,False,,,2024-02-23,3645197.229191,
2026-03-30,Statement 2,,Industries (2.1 to 2.19),-1,False,,,2024-03-22,3682392.531552,
2026-01-30,Statement 2,,Industries (2.1 to 2.19),-1,False,,,2024-12-27,3893504.019162,
2026-02-27,Statement 2,,Industries (2.1 to 2.19),-1,False,,,2025-01-24,3913968.873477,
2026-03-30,Statement 2,,Industries (2.1 to 2.19),-1,False,,,2025-02-21,3916782.663051,
2026-03-30,Statement 2,,Industries (2.1 to 2.19),-1,False,,,2025-03-21,3985659.551324,
2026-01-30,Statement 2,,Industries (2.1 to 2.19),-1,False,,,2025-12-31,4413256.957607,
2026-02-27,Statement 2,,Industries (2.1 to 2.19),-1,False,,,2026-01-31,4388307.777559,
2026-03-30,Statement 2,,Industries (2.1 to 2.19),-1,False,,,2026-02-28,4447191.99846,
